0,1.0985e-19,5.6278e-20,7.1108e-20,8.3005e-22,1.1761e-18,8.7479e-17,2.2232e-15,2.7595e-14,2.0586e-13,1.0554e-12,4.0718e-12,1.2603e-11,3.2783e-11,7.4179e-11,1.4987e-10,2.759e-10,4.7015e-10,7.5092e-10,1.1355e-09,1.6391e-09,2.2735e-09,3.0468e-09,3.9634e-09,5.0235e-09,6.2241e-09,7.559e-09,9.0195e-09,1.0595e-08,1.2273e-08,1.4042e-08,1.5888e-08,1.7797e-08,1.9757e-08,2.1755e-08,2.3779e-08,2.5819e-08,2.7863e-08,2.9903e-08,3.193e-08,3.3937e-08,3.5918e-08,3.7867e-08,3.9778e-08,4.1649e-08,4.3475e-08,4.5254e-08,4.6983e-08,4.8661e-08,5.0287e-08,5.186e-08,5.338e-08,5.4846e-08,5.6259e-08,5.7619e-08,5.8926e-08,6.0182e-08,6.1388e-08,6.2544e-08,6.3651e-08,6.4712e-08,6.5726e-08,6.6697e-08,6.7624e-08,6.851e-08,6.9355e-08,7.0162e-08,7.0931e-08,7.1665e-08,7.2364e-08,7.303e-08,7.3664e-08,7.4267e-08,7.4841e-08,7.5387e-08,7.5906e-08,7.64e-08,7.6869e-08,7.7315e-08,7.7739e-08,7.8141e-08,7.8523e-08,7.8885e-08,7.9229e-08,7.9556e-08,7.9865e-08,8.0159e-08,8.0438e-08,8.0702e-08,8.0952e-08,8.119e-08,8.1415e-08,8.1628e-08,8.183e-08,8.2021e-08,8.2203e-08,8.2374e-08,8.2537e-08,8.2691e-08,8.2836e-08,8.2974e-08,8.3105e-08,8.3229e-08,8.3345e-08,8.3456e-08,8.3561e-08,8.366e-08,8.3753e-08,8.3842e-08,8.3926e-08,8.4005e-08,8.408e-08,8.415e-08,8.4217e-08,8.428e-08,8.434e-08,8.4396e-08,8.445e-08,8.45e-08,8.4547e-08,8.4592e-08,8.4635e-08,8.4674e-08,8.4712e-08,8.4748e-08,8.4781e-08,8.4813e-08,8.4843e-08,8.4871e-08,8.4897e-08,8.4922e-08,8.4946e-08,8.4968e-08,8.4989e-08,8.5009e-08,8.5027e-08,8.5044e-08,8.5061e-08,8.5076e-08,8.5091e-08,8.5104e-08,8.5117e-08,8.5129e-08,8.514e-08,8.515e-08,8.516e-08,8.5169e-08,8.5178e-08,8.5186e-08,8.5194e-08,8.5201e-08,8.5207e-08,8.5213e-08,8.5219e-08,8.5224e-08,8.5229e-08,8.5234e-08,8.5238e-08,8.5242e-08,8.5245e-08,8.5248e-08,8.5251e-08,8.5254e-08,8.5257e-08,8.5259e-08,8.5261e-08,8.5263e-08,8.5264e-08,8.5266e-08,8.5267e-08,8.5268e-08,8.5269e-08,8.527e-08,8.5271e-08,8.5271e-08,8.5272e-08,8.5272e-08,8.5272e-08,8.5272e-08,8.5272e-08,8.5272e-08,8.5272e-08,8.5272e-08,8.5271e-08,8.5271e-08,8.5271e-08,8.527e-08,8.5269e-08,8.5269e-08,8.5268e-08,8.5267e-08,8.5266e-08,8.5265e-08,8.5265e-08,8.5264e-08,8.5263e-08,8.5262e-08,8.526e-08,8.5259e-08,8.5258e-08,8.5257e-08
0,1.335e-18,4.7607e-19,2.3491e-19,1.0965e-19,1.0716e-17,7.4693e-16,1.8257e-14,2.1993e-13,1.6027e-12,8.0647e-12,3.065e-11,9.3712e-11,2.4132e-10,5.415e-10,1.0865e-09,1.9884e-09,3.3715e-09,5.3623e-09,8.0795e-09,1.1626e-08,1.6082e-08,2.1502e-08,2.7912e-08,3.5315e-08,4.3685e-08,5.2979e-08,6.3136e-08,7.4082e-08,8.5733e-08,9.8e-08,1.1079e-07,1.2402e-07,1.3758e-07,1.5141e-07,1.6541e-07,1.795e-07,1.9363e-07,2.0772e-07,2.2172e-07,2.3558e-07,2.4925e-07,2.627e-07,2.7588e-07,2.8879e-07,3.0138e-07,3.1365e-07,3.2557e-07,3.3714e-07,3.4835e-07,3.5919e-07,3.6966e-07,3.7976e-07,3.895e-07,3.9886e-07,4.0787e-07,4.1652e-07,4.2482e-07,4.3278e-07,4.4041e-07,4.4772e-07,4.547e-07,4.6139e-07,4.6777e-07,4.7387e-07,4.7969e-07,4.8524e-07,4.9054e-07,4.9559e-07,5.004e-07,5.0498e-07,5.0935e-07,5.135e-07,5.1745e-07,5.2121e-07,5.2479e-07,5.2818e-07,5.3141e-07,5.3448e-07,5.374e-07,5.4016e-07,5.4279e-07,5.4529e-07,5.4765e-07,5.499e-07,5.5203e-07,5.5405e-07,5.5597e-07,5.5779e-07,5.5951e-07,5.6115e-07,5.6269e-07,5.6416e-07,5.6555e-07,5.6687e-07,5.6811e-07,5.693e-07,5.7041e-07,5.7147e-07,5.7248e-07,5.7343e-07,5.7432e-07,5.7517e-07,5.7598e-07,5.7674e-07,5.7746e-07,5.7814e-07,5.7878e-07,5.7939e-07,5.7997e-07,5.8051e-07,5.8103e-07,5.8152e-07,5.8198e-07,5.8241e-07,5.8282e-07,5.8321e-07,5.8357e-07,5.8392e-07,5.8425e-07,5.8456e-07,5.8485e-07,5.8512e-07,5.8538e-07,5.8563e-07,5.8586e-07,5.8607e-07,5.8628e-07,5.8647e-07,5.8665e-07,5.8683e-07,5.8699e-07,5.8714e-07,5.8728e-07,5.8742e-07,5.8755e-07,5.8767e-07,5.8778e-07,5.8788e-07,5.8798e-07,5.8808e-07,5.8816e-07,5.8825e-07,5.8832e-07,5.8839e-07,5.8846e-07,5.8853e-07,5.8858e-07,5.8864e-07,5.8869e-07,5.8874e-07,5.8878e-07,5.8883e-07,5.8887e-07,5.889e-07,5.8893e-07,5.8897e-07,5.8899e-07,5.8902e-07,5.8905e-07,5.8907e-07,5.8909e-07,5.8911e-07,5.8912e-07,5.8914e-07,5.8915e-07,5.8917e-07,5.8918e-07,5.8919e-07,5.892e-07,5.892e-07,5.8921e-07,5.8922e-07,5.8922e-07,5.8922e-07,5.8923e-07,5.8923e-07,5.8923e-07,5.8923e-07,5.8923e-07,5.8923e-07,5.8923e-07,5.8923e-07,5.8923e-07,5.8922e-07,5.8922e-07,5.8922e-07,5.8921e-07,5.8921e-07,5.892e-07,5.892e-07,5.8919e-07,5.8918e-07,5.8918e-07,5.8917e-07,5.8916e-07,5.8916e-07,5.8915e-07,5.8914e-07,5.8913e-07,5.8913e-07
0,1.2283e-18,3.6361e-19,8.8411e-19,4.877e-19,6.9401e-17,4.5032e-15,1.0398e-13,1.1985e-12,8.4355e-12,4.1281e-11,1.5339e-10,4.6044e-10,1.1678e-09,2.5876e-09,5.1372e-09,9.3185e-09,1.5681e-08,2.478e-08,3.713e-08,5.3172e-08,7.3247e-08,9.7578e-08,1.2627e-07,1.5931e-07,1.9659e-07,2.379e-07,2.8296e-07,3.3144e-07,3.8297e-07,4.3717e-07,4.9362e-07,5.5192e-07,6.1167e-07,6.7251e-07,7.3408e-07,7.9604e-07,8.5809e-07,9.1995e-07,9.8139e-07,1.0422e-06,1.1021e-06,1.1611e-06,1.2188e-06,1.2754e-06,1.3305e-06,1.3842e-06,1.4364e-06,1.487e-06,1.5361e-06,1.5835e-06,1.6293e-06,1.6735e-06,1.716e-06,1.757e-06,1.7963e-06,1.8342e-06,1.8704e-06,1.9052e-06,1.9386e-06,1.9705e-06,2.001e-06,2.0302e-06,2.0581e-06,2.0847e-06,2.1101e-06,2.1344e-06,2.1575e-06,2.1796e-06,2.2006e-06,2.2206e-06,2.2396e-06,2.2578e-06,2.275e-06,2.2914e-06,2.307e-06,2.3219e-06,2.336e-06,2.3494e-06,2.3621e-06,2.3742e-06,2.3856e-06,2.3965e-06,2.4069e-06,2.4167e-06,2.426e-06,2.4348e-06,2.4432e-06,2.4511e-06,2.4586e-06,2.4657e-06,2.4725e-06,2.4789e-06,2.485e-06,2.4907e-06,2.4962e-06,2.5013e-06,2.5062e-06,2.5108e-06,2.5152e-06,2.5193e-06,2.5232e-06,2.527e-06,2.5305e-06,2.5338e-06,2.5369e-06,2.5399e-06,2.5427e-06,2.5454e-06,2.5479e-06,2.5503e-06,2.5525e-06,2.5546e-06,2.5566e-06,2.5585e-06,2.5603e-06,2.562e-06,2.5636e-06,2.5651e-06,2.5665e-06,2.5679e-06,2.5691e-06,2.5703e-06,2.5715e-06,2.5725e-06,2.5736e-06,2.5745e-06,2.5754e-06,2.5762e-06,2.577e-06,2.5778e-06,2.5785e-06,2.5792e-06,2.5798e-06,2.5804e-06,2.5809e-06,2.5814e-06,2.5819e-06,2.5824e-06,2.5828e-06,2.5832e-06,2.5836e-06,2.584e-06,2.5843e-06,2.5846e-06,2.5849e-06,2.5852e-06,2.5854e-06,2.5857e-06,2.5859e-06,2.5861e-06,2.5863e-06,2.5865e-06,2.5867e-06,2.5868e-06,2.587e-06,2.5871e-06,2.5872e-06,2.5873e-06,2.5875e-06,2.5876e-06,2.5876e-06,2.5877e-06,2.5878e-06,2.5879e-06,2.5879e-06,2.588e-06,2.588e-06,2.5881e-06,2.5881e-06,2.5881e-06,2.5882e-06,2.5882e-06,2.5882e-06,2.5882e-06,2.5882e-06,2.5883e-06,2.5883e-06,2.5883e-06,2.5883e-06,2.5883e-06,2.5882e-06,2.5882e-06,2.5882e-06,2.5882e-06,2.5882e-06,2.5882e-06,2.5882e-06,2.5881e-06,2.5881e-06,2.5881e-06,2.5881e-06,2.588e-06,2.588e-06,2.588e-06,2.588e-06,2.5879e-06,2.5879e-06,2.5879e-06,2.5878e-06,2.5878e-06
0,2.2522e-17,2.3776e-18,2.831e-18,2.1879e-18,3.9027e-16,2.2999e-14,4.9431e-13,5.3876e-12,3.6268e-11,1.7123e-10,6.179e-10,1.8107e-09,4.5016e-09,9.8095e-09,1.9203e-08,3.4422e-08,5.7342e-08,8.983e-08,1.336e-07,1.9009e-07,2.6039e-07,3.4519e-07,4.4477e-07,5.5903e-07,6.8752e-07,8.2952e-07,9.8403e-07,1.1499e-06,1.3259e-06,1.5107e-06,1.7028e-06,1.901e-06,2.1039e-06,2.3102e-06,2.5188e-06,2.7286e-06,2.9384e-06,3.1476e-06,3.3551e-06,3.5603e-06,3.7625e-06,3.9613e-06,4.156e-06,4.3464e-06,4.5322e-06,4.713e-06,4.8886e-06,5.059e-06,5.224e-06,5.3834e-06,5.5374e-06,5.6859e-06,5.829e-06,5.9666e-06,6.0989e-06,6.2259e-06,6.3478e-06,6.4646e-06,6.5765e-06,6.6836e-06,6.7861e-06,6.8841e-06,6.9777e-06,7.0671e-06,7.1524e-06,7.2338e-06,7.3114e-06,7.3854e-06,7.4559e-06,7.523e-06,7.5869e-06,7.6477e-06,7.7056e-06,7.7606e-06,7.8129e-06,7.8627e-06,7.9099e-06,7.9548e-06,7.9975e-06,8.038e-06,8.0765e-06,8.113e-06,8.1476e-06,8.1805e-06,8.2116e-06,8.2412e-06,8.2693e-06,8.2959e-06,8.3211e-06,8.345e-06,8.3676e-06,8.3891e-06,8.4094e-06,8.4286e-06,8.4469e-06,8.4642e-06,8.4805e-06,8.496e-06,8.5107e-06,8.5245e-06,8.5377e-06,8.5501e-06,8.5619e-06,8.573e-06,8.5835e-06,8.5935e-06,8.6029e-06,8.6118e-06,8.6202e-06,8.6282e-06,8.6357e-06,8.6428e-06,8.6495e-06,8.6559e-06,8.6619e-06,8.6675e-06,8.6729e-06,8.6779e-06,8.6827e-06,8.6872e-06,8.6915e-06,8.6955e-06,8.6993e-06,8.7028e-06,8.7062e-06,8.7094e-06,8.7124e-06,8.7152e-06,8.7179e-06,8.7204e-06,8.7227e-06,8.725e-06,8.7271e-06,8.729e-06,8.7309e-06,8.7326e-06,8.7343e-06,8.7358e-06,8.7373e-06,8.7386e-06,8.7399e-06,8.7411e-06,8.7422e-06,8.7433e-06,8.7442e-06,8.7452e-06,8.746e-06,8.7468e-06,8.7476e-06,8.7483e-06,8.7489e-06,8.7495e-06,8.7501e-06,8.7506e-06,8.7511e-06,8.7516e-06,8.752e-06,8.7524e-06,8.7527e-06,8.753e-06,8.7533e-06,8.7536e-06,8.7539e-06,8.7541e-06,8.7543e-06,8.7545e-06,8.7546e-06,8.7548e-06,8.7549e-06,8.755e-06,8.7551e-06,8.7552e-06,8.7552e-06,8.7553e-06,8.7553e-06,8.7554e-06,8.7554e-06,8.7554e-06,8.7554e-06,8.7554e-06,8.7554e-06,8.7553e-06,8.7553e-06,8.7552e-06,8.7552e-06,8.7551e-06,8.7551e-06,8.755e-06,8.7549e-06,8.7548e-06,8.7547e-06,8.7547e-06,8.7546e-06,8.7545e-06,8.7544e-06,8.7542e-06,8.7541e-06,8.754e-06,8.7539e-06,8.7538e-06
0,3.1754e-17,6.4797e-18,3.925e-18,5.4367e-18,2.0337e-15,1.0753e-13,2.131e-12,2.1787e-11,1.3933e-10,6.3092e-10,2.2001e-09,6.2666e-09,1.5215e-08,3.2501e-08,6.2562e-08,1.1055e-07,1.8191e-07,2.8198e-07,4.1556e-07,5.8662e-07,7.9803e-07,1.0515e-06,1.3477e-06,1.686e-06,2.0649e-06,2.4822e-06,2.9349e-06,3.4196e-06,3.9326e-06,4.4699e-06,5.0277e-06,5.602e-06,6.1891e-06,6.7853e-06,7.3873e-06,7.9919e-06,8.5963e-06,9.1979e-06,9.7944e-06,1.0384e-05,1.0964e-05,1.1535e-05,1.2093e-05,1.2639e-05,1.3171e-05,1.3688e-05,1.4191e-05,1.4678e-05,1.515e-05,1.5606e-05,1.6046e-05,1.647e-05,1.6879e-05,1.7272e-05,1.765e-05,1.8012e-05,1.836e-05,1.8693e-05,1.9013e-05,1.9318e-05,1.9611e-05,1.989e-05,2.0157e-05,2.0412e-05,2.0655e-05,2.0887e-05,2.1108e-05,2.1319e-05,2.152e-05,2.1711e-05,2.1893e-05,2.2067e-05,2.2231e-05,2.2388e-05,2.2537e-05,2.2679e-05,2.2814e-05,2.2941e-05,2.3063e-05,2.3178e-05,2.3288e-05,2.3392e-05,2.349e-05,2.3584e-05,2.3673e-05,2.3757e-05,2.3837e-05,2.3912e-05,2.3984e-05,2.4052e-05,2.4117e-05,2.4178e-05,2.4236e-05,2.429e-05,2.4342e-05,2.4391e-05,2.4438e-05,2.4482e-05,2.4524e-05,2.4563e-05,2.4601e-05,2.4636e-05,2.467e-05,2.4701e-05,2.4731e-05,2.4759e-05,2.4786e-05,2.4812e-05,2.4835e-05,2.4858e-05,2.488e-05,2.49e-05,2.4919e-05,2.4937e-05,2.4954e-05,2.497e-05,2.4985e-05,2.5e-05,2.5013e-05,2.5026e-05,2.5038e-05,2.505e-05,2.506e-05,2.5071e-05,2.508e-05,2.5089e-05,2.5098e-05,2.5106e-05,2.5113e-05,2.512e-05,2.5127e-05,2.5133e-05,2.5139e-05,2.5145e-05,2.515e-05,2.5155e-05,2.516e-05,2.5164e-05,2.5168e-05,2.5172e-05,2.5176e-05,2.5179e-05,2.5182e-05,2.5185e-05,2.5188e-05,2.5191e-05,2.5193e-05,2.5196e-05,2.5198e-05,2.52e-05,2.5202e-05,2.5203e-05,2.5205e-05,2.5206e-05,2.5208e-05,2.5209e-05,2.521e-05,2.5211e-05,2.5212e-05,2.5213e-05,2.5214e-05,2.5215e-05,2.5215e-05,2.5216e-05,2.5217e-05,2.5217e-05,2.5218e-05,2.5218e-05,2.5218e-05,2.5219e-05,2.5219e-05,2.5219e-05,2.5219e-05,2.5219e-05,2.522e-05,2.522e-05,2.522e-05,2.522e-05,2.522e-05,2.522e-05,2.522e-05,2.522e-05,2.5219e-05,2.5219e-05,2.5219e-05,2.5219e-05,2.5219e-05,2.5219e-05,2.5218e-05,2.5218e-05,2.5218e-05,2.5218e-05,2.5217e-05,2.5217e-05,2.5217e-05,2.5216e-05,2.5216e-05,2.5216e-05,2.5215e-05,2.5215e-05
0,1.0798e-17,4.5031e-18,2.1483e-17,4.1623e-17,1.0004e-14,4.7269e-13,8.589e-12,8.1976e-11,4.9592e-10,2.146e-09,7.2079e-09,1.9899e-08,4.7064e-08,9.8331e-08,1.8575e-07,3.2297e-07,5.2416e-07,8.0286e-07,1.171e-06,1.6382e-06,2.211e-06,2.8932e-06,3.6855e-06,4.5858e-06,5.5895e-06,6.6904e-06,7.8804e-06,9.1505e-06,1.0491e-05,1.1892e-05,1.3342e-05,1.4833e-05,1.6354e-05,1.7896e-05,1.945e-05,2.101e-05,2.2567e-05,2.4115e-05,2.5649e-05,2.7163e-05,2.8653e-05,3.0115e-05,3.1546e-05,3.2944e-05,3.4306e-05,3.563e-05,3.6915e-05,3.8161e-05,3.9366e-05,4.0531e-05,4.1655e-05,4.2738e-05,4.378e-05,4.4783e-05,4.5746e-05,4.667e-05,4.7557e-05,4.8406e-05,4.922e-05,4.9998e-05,5.0743e-05,5.1454e-05,5.2134e-05,5.2783e-05,5.3402e-05,5.3993e-05,5.4556e-05,5.5092e-05,5.5603e-05,5.609e-05,5.6553e-05,5.6994e-05,5.7413e-05,5.7812e-05,5.8191e-05,5.8551e-05,5.8893e-05,5.9218e-05,5.9527e-05,5.9821e-05,6.0099e-05,6.0363e-05,6.0614e-05,6.0852e-05,6.1077e-05,6.1291e-05,6.1494e-05,6.1687e-05,6.1869e-05,6.2042e-05,6.2205e-05,6.2361e-05,6.2508e-05,6.2647e-05,6.2779e-05,6.2904e-05,6.3022e-05,6.3134e-05,6.324e-05,6.334e-05,6.3435e-05,6.3525e-05,6.361e-05,6.369e-05,6.3766e-05,6.3838e-05,6.3906e-05,6.3971e-05,6.4031e-05,6.4089e-05,6.4143e-05,6.4195e-05,6.4243e-05,6.4289e-05,6.4332e-05,6.4373e-05,6.4412e-05,6.4448e-05,6.4483e-05,6.4515e-05,6.4546e-05,6.4575e-05,6.4602e-05,6.4628e-05,6.4652e-05,6.4675e-05,6.4697e-05,6.4717e-05,6.4736e-05,6.4755e-05,6.4772e-05,6.4788e-05,6.4803e-05,6.4817e-05,6.483e-05,6.4843e-05,6.4855e-05,6.4866e-05,6.4876e-05,6.4886e-05,6.4895e-05,6.4904e-05,6.4912e-05,6.4919e-05,6.4926e-05,6.4933e-05,6.4939e-05,6.4945e-05,6.495e-05,6.4955e-05,6.496e-05,6.4965e-05,6.4969e-05,6.4972e-05,6.4976e-05,6.4979e-05,6.4982e-05,6.4985e-05,6.4987e-05,6.499e-05,6.4992e-05,6.4994e-05,6.4995e-05,6.4997e-05,6.4998e-05,6.5e-05,6.5001e-05,6.5002e-05,6.5003e-05,6.5003e-05,6.5004e-05,6.5005e-05,6.5005e-05,6.5005e-05,6.5006e-05,6.5006e-05,6.5006e-05,6.5006e-05,6.5006e-05,6.5006e-05,6.5005e-05,6.5005e-05,6.5005e-05,6.5005e-05,6.5004e-05,6.5004e-05,6.5003e-05,6.5003e-05,6.5002e-05,6.5001e-05,6.5001e-05,6.5e-05,6.4999e-05,6.4999e-05,6.4998e-05,6.4997e-05,6.4996e-05,6.4995e-05,6.4994e-05,6.4993e-05
0,1.0563e-16,1.1766e-16,2.3217e-17,2.5638e-16,4.6871e-14,1.9708e-12,3.271e-11,2.9053e-10,1.6583e-09,6.8415e-09,2.2088e-08,5.8996e-08,1.357e-07,2.7689e-07,5.1261e-07,8.76e-07,1.4006e-06,2.1178e-06,3.0544e-06,4.231e-06,5.6615e-06,7.3523e-06,9.303e-06,1.1507e-05,1.3951e-05,1.662e-05,1.9494e-05,2.2551e-05,2.5766e-05,2.9116e-05,3.2577e-05,3.6126e-05,3.9739e-05,4.3396e-05,4.7077e-05,5.0764e-05,5.444e-05,5.809e-05,6.1703e-05,6.5265e-05,6.8768e-05,7.2202e-05,7.5561e-05,7.8839e-05,8.2031e-05,8.5133e-05,8.8142e-05,9.1057e-05,9.3876e-05,9.6599e-05,9.9225e-05,0.00010175,0.00010419,0.00010653,0.00010878,0.00011093,0.000113,0.00011498,0.00011688,0.0001187,0.00012043,0.00012209,0.00012367,0.00012518,0.00012663,0.000128,0.00012931,0.00013056,0.00013175,0.00013288,0.00013396,0.00013499,0.00013596,0.00013689,0.00013777,0.00013861,0.00013941,0.00014016,0.00014088,0.00014156,0.00014221,0.00014282,0.00014341,0.00014396,0.00014448,0.00014498,0.00014545,0.0001459,0.00014632,0.00014673,0.00014711,0.00014747,0.00014781,0.00014813,0.00014844,0.00014873,0.000149,0.00014926,0.00014951,0.00014974,0.00014996,0.00015017,0.00015037,0.00015056,0.00015073,0.0001509,0.00015106,0.00015121,0.00015135,0.00015148,0.00015161,0.00015173,0.00015184,0.00015195,0.00015205,0.00015214,0.00015223,0.00015232,0.0001524,0.00015247,0.00015254,0.00015261,0.00015267,0.00015273,0.00015279,0.00015284,0.00015289,0.00015294,0.00015299,0.00015303,0.00015307,0.0001531,0.00015314,0.00015317,0.0001532,0.00015323,0.00015326,0.00015329,0.00015331,0.00015333,0.00015335,0.00015337,0.00015339,0.00015341,0.00015343,0.00015344,0.00015346,0.00015347,0.00015348,0.00015349,0.0001535,0.00015351,0.00015352,0.00015353,0.00015354,0.00015355,0.00015355,0.00015356,0.00015357,0.00015357,0.00015358,0.00015358,0.00015358,0.00015359,0.00015359,0.00015359,0.0001536,0.0001536,0.0001536,0.0001536,0.0001536,0.00015361,0.00015361,0.00015361,0.00015361,0.00015361,0.00015361,0.00015361,0.00015361,0.00015361,0.00015361,0.00015361,0.00015361,0.0001536,0.0001536,0.0001536,0.0001536,0.0001536,0.0001536,0.0001536,0.0001536,0.00015359,0.00015359,0.00015359,0.00015359,0.00015359,0.00015358,0.00015358,0.00015358,0.00015358
0,3.5842e-17,1.7359e-17,4.3843e-17,1.2903e-15,2.0991e-13,7.8202e-12,1.1822e-10,9.75e-10,5.2406e-09,2.0581e-08,6.3779e-08,1.646e-07,3.6777e-07,7.3214e-07,1.3271e-06,2.227e-06,3.5053e-06,5.2282e-06,7.451e-06,1.0214e-05,1.3543e-05,1.7445e-05,2.1916e-05,2.6935e-05,3.2472e-05,3.8488e-05,4.4938e-05,5.1771e-05,5.8935e-05,6.6377e-05,7.4044e-05,8.1885e-05,8.9852e-05,9.7899e-05,0.00010598,0.00011407,0.00012212,0.0001301,0.00013799,0.00014576,0.0001534,0.00016088,0.00016818,0.00017531,0.00018224,0.00018898,0.00019551,0.00020183,0.00020794,0.00021383,0.00021952,0.000225,0.00023026,0.00023532,0.00024018,0.00024485,0.00024932,0.0002536,0.00025769,0.00026161,0.00026536,0.00026893,0.00027235,0.00027561,0.00027872,0.00028169,0.00028452,0.00028721,0.00028977,0.00029222,0.00029454,0.00029675,0.00029885,0.00030085,0.00030275,0.00030455,0.00030627,0.0003079,0.00030945,0.00031091,0.00031231,0.00031363,0.00031489,0.00031608,0.00031721,0.00031828,0.00031929,0.00032025,0.00032117,0.00032203,0.00032285,0.00032362,0.00032436,0.00032506,0.00032572,0.00032634,0.00032693,0.00032749,0.00032802,0.00032852,0.000329,0.00032944,0.00032987,0.00033027,0.00033065,0.00033101,0.00033135,0.00033167,0.00033197,0.00033226,0.00033253,0.00033279,0.00033303,0.00033326,0.00033348,0.00033368,0.00033387,0.00033406,0.00033423,0.00033439,0.00033454,0.00033469,0.00033482,0.00033495,0.00033507,0.00033519,0.0003353,0.0003354,0.00033549,0.00033558,0.00033567,0.00033575,0.00033582,0.00033589,0.00033596,0.00033602,0.00033608,0.00033614,0.00033619,0.00033624,0.00033628,0.00033633,0.00033637,0.0003364,0.00033644,0.00033647,0.0003365,0.00033653,0.00033656,0.00033658,0.0003366,0.00033663,0.00033665,0.00033666,0.00033668,0.0003367,0.00033671,0.00033673,0.00033674,0.00033675,0.00033676,0.00033677,0.00033678,0.00033678,0.00033679,0.0003368,0.0003368,0.00033681,0.00033681,0.00033682,0.00033682,0.00033682,0.00033682,0.00033682,0.00033683,0.00033683,0.00033683,0.00033683,0.00033683,0.00033682,0.00033682,0.00033682,0.00033682,0.00033682,0.00033682,0.00033681,0.00033681,0.00033681,0.0003368,0.0003368,0.0003368,0.00033679,0.00033679,0.00033679,0.00033678,0.00033678,0.00033677,0.00033677,0.00033676,0.00033676
0,1.6876e-17,6.6037e-17,5.3195e-17,6.7111e-15,8.9924e-13,2.9599e-11,4.0665e-10,3.1083e-09,1.571e-08,5.8653e-08,1.7428e-07,4.3416e-07,9.4149e-07,1.8271e-06,3.2403e-06,5.336e-06,8.2624e-06,1.2149e-05,1.71e-05,2.3187e-05,3.0448e-05,3.8889e-05,4.8486e-05,5.919e-05,7.0931e-05,8.3621e-05,9.7163e-05,0.00011145,0.00012638,0.00014183,0.0001577,0.00017389,0.00019031,0.00020685,0.00022343,0.00023999,0.00025645,0.00027275,0.00028884,0.00030466,0.00032019,0.00033539,0.00035023,0.00036468,0.00037874,0.00039238,0.0004056,0.00041838,0.00043074,0.00044266,0.00045414,0.0004652,0.00047583,0.00048604,0.00049584,0.00050524,0.00051425,0.00052287,0.00053112,0.00053901,0.00054655,0.00055376,0.00056063,0.00056719,0.00057345,0.00057942,0.0005851,0.00059052,0.00059567,0.00060058,0.00060525,0.00060969,0.00061391,0.00061793,0.00062174,0.00062537,0.00062882,0.00063209,0.00063519,0.00063814,0.00064094,0.00064359,0.00064611,0.0006485,0.00065077,0.00065292,0.00065496,0.00065689,0.00065872,0.00066045,0.0006621,0.00066365,0.00066513,0.00066652,0.00066785,0.0006691,0.00067028,0.00067141,0.00067247,0.00067347,0.00067442,0.00067532,0.00067618,0.00067698,0.00067774,0.00067846,0.00067914,0.00067979,0.0006804,0.00068097,0.00068152,0.00068203,0.00068251,0.00068297,0.00068341,0.00068382,0.0006842,0.00068457,0.00068491,0.00068524,0.00068554,0.00068583,0.00068611,0.00068636,0.00068661,0.00068683,0.00068705,0.00068725,0.00068744,0.00068763,0.0006878,0.00068795,0.00068811,0.00068825,0.00068838,0.0006885,0.00068862,0.00068873,0.00068884,0.00068893,0.00068902,0.00068911,0.00068919,0.00068926,0.00068933,0.0006894,0.00068946,0.00068952,0.00068957,0.00068962,0.00068967,0.00068971,0.00068975,0.00068979,0.00068982,0.00068985,0.00068988,0.00068991,0.00068993,0.00068995,0.00068997,0.00068999,0.00069001,0.00069002,0.00069004,0.00069005,0.00069006,0.00069007,0.00069008,0.00069008,0.00069009,0.0006901,0.0006901,0.0006901,0.0006901,0.0006901,0.0006901,0.0006901,0.0006901,0.0006901,0.0006901,0.00069009,0.00069009,0.00069009,0.00069008,0.00069008,0.00069007,0.00069006,0.00069006,0.00069005,0.00069004,0.00069003,0.00069003,0.00069002,0.00069001,0.00069,0.00068999,0.00068998,0.00068997,0.00068996
0,5.2219e-17,1.5183e-17,1.1611e-17,3.2988e-14,3.691e-12,1.0706e-10,1.3342e-09,9.4378e-09,4.4799e-08,1.5884e-07,4.5212e-07,1.0864e-06,2.2848e-06,4.3196e-06,7.4901e-06,1.2097e-05,1.8418e-05,2.6686e-05,3.7079e-05,4.9708e-05,6.4621e-05,8.1804e-05,0.00010119,0.00012266,0.00014606,0.00017122,0.00019793,0.000226,0.0002552,0.00028533,0.00031618,0.00034756,0.00037929,0.0004112,0.00044312,0.00047493,0.0005065,0.00053771,0.00056847,0.0005987,0.00062832,0.00065727,0.00068552,0.00071301,0.00073971,0.00076561,0.00079069,0.00081493,0.00083834,0.00086091,0.00088265,0.00090357,0.00092367,0.00094297,0.00096149,0.00097925,0.00099625,0.0010125,0.0010281,0.001043,0.0010572,0.0010708,0.0010838,0.0010961,0.0011079,0.0011191,0.0011299,0.0011401,0.0011498,0.001159,0.0011678,0.0011761,0.0011841,0.0011917,0.0011988,0.0012057,0.0012121,0.0012183,0.0012241,0.0012297,0.0012349,0.0012399,0.0012447,0.0012492,0.0012534,0.0012575,0.0012613,0.0012649,0.0012684,0.0012716,0.0012747,0.0012776,0.0012804,0.001283,0.0012855,0.0012879,0.0012901,0.0012922,0.0012942,0.0012961,0.0012979,0.0012995,0.0013011,0.0013027,0.0013041,0.0013054,0.0013067,0.0013079,0.0013091,0.0013101,0.0013112,0.0013121,0.001313,0.0013139,0.0013147,0.0013155,0.0013162,0.0013169,0.0013175,0.0013181,0.0013187,0.0013193,0.0013198,0.0013203,0.0013207,0.0013211,0.0013216,0.0013219,0.0013223,0.0013226,0.0013229,0.0013232,0.0013235,0.0013238,0.001324,0.0013243,0.0013245,0.0013247,0.0013249,0.0013251,0.0013252,0.0013254,0.0013256,0.0013257,0.0013258,0.001326,0.0013261,0.0013262,0.0013263,0.0013264,0.0013264,0.0013265,0.0013266,0.0013267,0.0013267,0.0013268,0.0013268,0.0013269,0.0013269,0.001327,0.001327,0.0013271,0.0013271,0.0013271,0.0013271,0.0013272,0.0013272,0.0013272,0.0013272,0.0013272,0.0013272,0.0013272,0.0013272,0.0013272,0.0013273,0.0013273,0.0013273,0.0013272,0.0013272,0.0013272,0.0013272,0.0013272,0.0013272,0.0013272,0.0013272,0.0013272,0.0013272,0.0013272,0.0013272,0.0013271,0.0013271,0.0013271,0.0013271,0.0013271,0.0013271,0.001327,0.001327,0.001327,0.001327,0.001327
0,2.5432e-17,1.2838e-16,8.4273e-17,1.5398e-13,1.4534e-11,3.7072e-10,4.1836e-09,2.7355e-08,1.2183e-07,4.0988e-07,1.1168e-06,2.5865e-06,5.2723e-06,9.7048e-06,1.6445e-05,2.6036e-05,3.8957e-05,5.5595e-05,7.6221e-05,0.00010099,0.00012992,0.00016295,0.00019991,0.00024054,0.00028455,0.00033158,0.00038128,0.00043324,0.00048708,0.00054244,0.00059893,0.00065622,0.00071398,0.00077192,0.00082977,0.0008873,0.00094428,0.0010005,0.0010559,0.0011102,0.0011633,0.0012152,0.0012658,0.001315,0.0013627,0.001409,0.0014537,0.0014969,0.0015386,0.0015788,0.0016175,0.0016547,0.0016905,0.0017248,0.0017577,0.0017892,0.0018194,0.0018483,0.0018759,0.0019023,0.0019275,0.0019516,0.0019745,0.0019964,0.0020173,0.0020372,0.0020562,0.0020742,0.0020914,0.0021078,0.0021233,0.0021381,0.0021521,0.0021655,0.0021782,0.0021903,0.0022017,0.0022126,0.0022229,0.0022327,0.002242,0.0022508,0.0022592,0.0022671,0.0022747,0.0022818,0.0022885,0.002295,0.002301,0.0023068,0.0023122,0.0023174,0.0023223,0.0023269,0.0023313,0.0023355,0.0023394,0.0023431,0.0023466,0.00235,0.0023531,0.0023561,0.0023589,0.0023616,0.0023641,0.0023665,0.0023687,0.0023709,0.0023729,0.0023748,0.0023766,0.0023783,0.0023799,0.0023814,0.0023828,0.0023842,0.0023855,0.0023867,0.0023878,0.0023889,0.0023899,0.0023909,0.0023918,0.0023926,0.0023934,0.0023942,0.0023949,0.0023956,0.0023962,0.0023968,0.0023973,0.0023979,0.0023984,0.0023988,0.0023993,0.0023997,0.0024001,0.0024004,0.0024008,0.0024011,0.0024014,0.0024017,0.0024019,0.0024022,0.0024024,0.0024026,0.0024028,0.002403,0.0024032,0.0024033,0.0024035,0.0024036,0.0024038,0.0024039,0.002404,0.0024041,0.0024042,0.0024043,0.0024043,0.0024044,0.0024045,0.0024045,0.0024046,0.0024046,0.0024047,0.0024047,0.0024048,0.0024048,0.0024048,0.0024048,0.0024048,0.0024049,0.0024049,0.0024049,0.0024049,0.0024049,0.0024049,0.0024049,0.0024049,0.0024049,0.0024048,0.0024048,0.0024048,0.0024048,0.0024048,0.0024048,0.0024047,0.0024047,0.0024047,0.0024047,0.0024046,0.0024046,0.0024046,0.0024045,0.0024045,0.0024045,0.0024044,0.0024044,0.0024044,0.0024043
0,2.1633e-16,1.9139e-16,7.4634e-16,6.9502e-13,5.4972e-11,1.2307e-09,1.2561e-08,7.584e-08,3.1664e-07,1.0102e-06,2.633e-06,5.8744e-06,1.16e-05,2.0779e-05,3.4392e-05,5.335e-05,7.8419e-05,0.00011018,0.00014899,0.00019502,0.00024821,0.00030834,0.00037504,0.00044783,0.00052612,0.0006093,0.0006967,0.00078765,0.00088149,0.00097758,0.0010753,0.0011741,0.0012734,0.0013728,0.0014717,0.0015699,0.001667,0.0017627,0.0018567,0.0019487,0.0020387,0.0021265,0.0022119,0.0022949,0.0023753,0.0024532,0.0025285,0.0026012,0.0026713,0.0027388,0.0028037,0.0028661,0.002926,0.0029835,0.0030386,0.0030913,0.0031418,0.0031901,0.0032363,0.0032805,0.0033226,0.0033628,0.0034011,0.0034377,0.0034726,0.0035058,0.0035374,0.0035675,0.0035962,0.0036234,0.0036493,0.003674,0.0036974,0.0037197,0.0037408,0.0037609,0.00378,0.0037981,0.0038153,0.0038316,0.0038471,0.0038618,0.0038757,0.0038889,0.0039014,0.0039133,0.0039246,0.0039352,0.0039453,0.0039549,0.003964,0.0039726,0.0039807,0.0039884,0.0039957,0.0040026,0.0040091,0.0040153,0.0040211,0.0040267,0.0040319,0.0040369,0.0040416,0.004046,0.0040502,0.0040541,0.0040579,0.0040614,0.0040648,0.0040679,0.0040709,0.0040738,0.0040764,0.0040789,0.0040813,0.0040836,0.0040857,0.0040877,0.0040896,0.0040914,0.004093,0.0040946,0.0040961,0.0040975,0.0040989,0.0041001,0.0041013,0.0041024,0.0041035,0.0041045,0.0041054,0.0041063,0.0041071,0.0041078,0.0041086,0.0041093,0.0041099,0.0041105,0.0041111,0.0041116,0.0041121,0.0041125,0.004113,0.0041134,0.0041138,0.0041141,0.0041144,0.0041148,0.004115,0.0041153,0.0041155,0.0041158,0.004116,0.0041162,0.0041164,0.0041165,0.0041167,0.0041168,0.004117,0.0041171,0.0041172,0.0041173,0.0041174,0.0041174,0.0041175,0.0041176,0.0041176,0.0041177,0.0041177,0.0041177,0.0041177,0.0041178,0.0041178,0.0041178,0.0041178,0.0041178,0.0041178,0.0041178,0.0041178,0.0041177,0.0041177,0.0041177,0.0041177,0.0041176,0.0041176,0.0041176,0.0041175,0.0041175,0.0041174,0.0041174,0.0041174,0.0041173,0.0041173,0.0041172,0.0041171,0.0041171,0.004117,0.004117,0.0041169,0.0041168
0,3.6894e-16,3.384e-16,4.8492e-15,3.0239e-12,1.9993e-10,3.923e-09,3.6174e-08,2.0151e-07,7.882e-07,2.383e-06,5.939e-06,1.2758e-05,2.4395e-05,4.2505e-05,6.869e-05,0.00010436,0.00015064,0.00020829,0.00027772,0.000359,0.00045187,0.00055581,0.00067008,0.00079377,0.0009259,0.0010654,0.0012111,0.001362,0.0015169,0.0016749,0.001835,0.0019963,0.002158,0.0023193,0.0024795,0.0026382,0.0027947,0.0029486,0.0030995,0.0032472,0.0033913,0.0035317,0.0036681,0.0038004,0.0039287,0.0040526,0.0041724,0.0042879,0.0043992,0.0045063,0.0046093,0.0047082,0.0048031,0.0048941,0.0049813,0.0050647,0.0051446,0.0052209,0.0052939,0.0053636,0.0054301,0.0054935,0.005554,0.0056117,0.0056667,0.005719,0.0057689,0.0058163,0.0058614,0.0059044,0.0059452,0.005984,0.0060209,0.0060559,0.0060892,0.0061208,0.0061508,0.0061793,0.0062063,0.006232,0.0062563,0.0062794,0.0063013,0.0063221,0.0063417,0.0063604,0.0063781,0.0063948,0.0064107,0.0064257,0.00644,0.0064535,0.0064662,0.0064783,0.0064898,0.0065006,0.0065109,0.0065206,0.0065298,0.0065384,0.0065467,0.0065544,0.0065618,0.0065687,0.0065753,0.0065815,0.0065874,0.006593,0.0065982,0.0066032,0.0066079,0.0066123,0.0066165,0.0066204,0.0066242,0.0066277,0.006631,0.0066341,0.0066371,0.0066399,0.0066425,0.006645,0.0066474,0.0066496,0.0066517,0.0066536,0.0066555,0.0066572,0.0066588,0.0066604,0.0066618,0.0066632,0.0066645,0.0066657,0.0066668,0.0066679,0.0066689,0.0066698,0.0066707,0.0066715,0.0066723,0.006673,0.0066737,0.0066743,0.0066749,0.0066755,0.006676,0.0066765,0.0066769,0.0066773,0.0066777,0.0066781,0.0066784,0.0066787,0.006679,0.0066792,0.0066795,0.0066797,0.0066799,0.0066801,0.0066802,0.0066804,0.0066805,0.0066806,0.0066807,0.0066808,0.0066809,0.0066809,0.006681,0.006681,0.0066811,0.0066811,0.0066811,0.0066811,0.0066811,0.0066811,0.0066811,0.0066811,0.006681,0.006681,0.006681,0.0066809,0.0066809,0.0066808,0.0066808,0.0066807,0.0066807,0.0066806,0.0066805,0.0066804,0.0066804,0.0066803,0.0066802,0.0066801,0.00668,0.0066799,0.0066798,0.0066797,0.0066796,0.0066795
0,8.7587e-17,2.5791e-16,2.7956e-14,1.2686e-11,6.9985e-10,1.2021e-08,1.0006e-07,5.1397e-07,1.8825e-06,5.3917e-06,1.2843e-05,2.6555e-05,4.9147e-05,8.3265e-05,0.00013133,0.00019536,0.00027681,0.00037655,0.00049489,0.00063158,0.00078594,0.00095689,0.0011431,0.001343,0.001555,0.0017772,0.0020081,0.0022458,0.0024888,0.0027355,0.0029844,0.0032343,0.003484,0.0037324,0.0039785,0.0042215,0.0044607,0.0046955,0.0049253,0.0051498,0.0053685,0.0055811,0.0057876,0.0059876,0.0061812,0.0063682,0.0065486,0.0067225,0.0068899,0.0070509,0.0072055,0.007354,0.0074963,0.0076327,0.0077633,0.0078883,0.0080078,0.008122,0.0082311,0.0083353,0.0084346,0.0085294,0.0086198,0.0087059,0.0087879,0.008866,0.0089403,0.0090111,0.0090784,0.0091423,0.0092032,0.009261,0.0093159,0.0093681,0.0094177,0.0094647,0.0095094,0.0095518,0.009592,0.0096302,0.0096664,0.0097007,0.0097333,0.0097642,0.0097934,0.0098212,0.0098474,0.0098723,0.0098959,0.0099183,0.0099394,0.0099595,0.0099785,0.0099964,0.010013,0.01003,0.010045,0.010059,0.010073,0.010086,0.010098,0.010109,0.01012,0.010131,0.01014,0.01015,0.010158,0.010167,0.010174,0.010182,0.010189,0.010195,0.010202,0.010207,0.010213,0.010218,0.010223,0.010228,0.010232,0.010236,0.01024,0.010244,0.010247,0.010251,0.010254,0.010257,0.010259,0.010262,0.010264,0.010267,0.010269,0.010271,0.010273,0.010274,0.010276,0.010278,0.010279,0.010281,0.010282,0.010283,0.010284,0.010285,0.010286,0.010287,0.010288,0.010289,0.01029,0.01029,0.010291,0.010292,0.010292,0.010293,0.010293,0.010294,0.010294,0.010294,0.010295,0.010295,0.010295,0.010296,0.010296,0.010296,0.010296,0.010296,0.010296,0.010297,0.010297,0.010297,0.010297,0.010297,0.010297,0.010297,0.010297,0.010297,0.010297,0.010297,0.010297,0.010297,0.010297,0.010297,0.010297,0.010297,0.010297,0.010297,0.010296,0.010296,0.010296,0.010296,0.010296,0.010296,0.010296,0.010296,0.010295,0.010295,0.010295,0.010295,0.010295,0.010295,0.010295,0.010294
0,6.3948e-17,3.1485e-17,1.4877e-13,5.1347e-11,2.3601e-09,3.5453e-08,2.6623e-07,1.2604e-06,4.3214e-06,1.1721e-05,2.6676e-05,5.3075e-05,9.505e-05,0.00015654,0.00024092,0.00035076,0.00048772,0.00065252,0.00084504,0.0010644,0.0013091,0.0015772,0.0018664,0.0021743,0.0024982,0.0028354,0.0031835,0.00354,0.0039025,0.0042688,0.0046369,0.0050051,0.0053716,0.0057351,0.0060942,0.0064479,0.0067952,0.0071354,0.0074676,0.0077915,0.0081066,0.0084125,0.008709,0.008996,0.0092733,0.0095409,0.0097989,0.010047,0.010286,0.010516,0.010736,0.010947,0.01115,0.011343,0.011529,0.011706,0.011876,0.012038,0.012193,0.01234,0.012481,0.012615,0.012743,0.012865,0.012981,0.013092,0.013197,0.013297,0.013392,0.013482,0.013568,0.01365,0.013727,0.013801,0.013871,0.013937,0.014,0.01406,0.014117,0.014171,0.014222,0.01427,0.014316,0.014359,0.014401,0.01444,0.014477,0.014512,0.014545,0.014577,0.014606,0.014635,0.014661,0.014687,0.01471,0.014733,0.014755,0.014775,0.014794,0.014812,0.014829,0.014846,0.014861,0.014875,0.014889,0.014902,0.014914,0.014926,0.014937,0.014947,0.014957,0.014966,0.014975,0.014983,0.014991,0.014998,0.015005,0.015012,0.015018,0.015024,0.015029,0.015034,0.015039,0.015044,0.015048,0.015052,0.015056,0.01506,0.015063,0.015066,0.015069,0.015072,0.015075,0.015077,0.01508,0.015082,0.015084,0.015086,0.015088,0.015089,0.015091,0.015092,0.015094,0.015095,0.015096,0.015097,0.015098,0.015099,0.0151,0.015101,0.015102,0.015103,0.015103,0.015104,0.015104,0.015105,0.015105,0.015106,0.015106,0.015107,0.015107,0.015107,0.015107,0.015108,0.015108,0.015108,0.015108,0.015108,0.015108,0.015108,0.015108,0.015108,0.015108,0.015108,0.015108,0.015108,0.015108,0.015108,0.015108,0.015108,0.015108,0.015108,0.015108,0.015108,0.015107,0.015107,0.015107,0.015107,0.015107,0.015107,0.015106,0.015106,0.015106,0.015106,0.015106,0.015105,0.015105,0.015105,0.015105,0.015105
0,3.1437e-17,5.0465e-17,7.6326e-13,2.006e-10,7.6729e-09,1.0074e-07,6.8218e-07,2.9759e-06,9.5487e-06,2.4521e-05,5.3315e-05,0.00010205,0.0001768,0.00028298,0.00042484,0.00060526,0.00082567,0.0010862,0.0013857,0.0017222,0.0020929,0.0024945,0.0029234,0.0033759,0.0038481,0.0043363,0.0048368,0.0053463,0.0058616,0.0063798,0.0068983,0.0074148,0.007927,0.0084333,0.0089321,0.0094218,0.0099015,0.01037,0.010827,0.011272,0.011703,0.012121,0.012526,0.012917,0.013295,0.013659,0.014009,0.014346,0.01467,0.01498,0.015278,0.015564,0.015837,0.016099,0.01635,0.016589,0.016817,0.017035,0.017244,0.017442,0.017632,0.017812,0.017984,0.018147,0.018303,0.018451,0.018592,0.018727,0.018854,0.018975,0.01909,0.0192,0.019304,0.019402,0.019496,0.019585,0.019669,0.019749,0.019825,0.019897,0.019965,0.02003,0.020091,0.020149,0.020204,0.020257,0.020306,0.020353,0.020397,0.020439,0.020479,0.020517,0.020553,0.020586,0.020618,0.020648,0.020677,0.020704,0.02073,0.020754,0.020777,0.020798,0.020819,0.020838,0.020857,0.020874,0.02089,0.020906,0.02092,0.020934,0.020947,0.020959,0.020971,0.020982,0.020992,0.021002,0.021011,0.02102,0.021028,0.021036,0.021043,0.02105,0.021056,0.021063,0.021068,0.021074,0.021079,0.021084,0.021088,0.021092,0.021096,0.0211,0.021104,0.021107,0.02111,0.021113,0.021116,0.021118,0.021121,0.021123,0.021125,0.021127,0.021129,0.02113,0.021132,0.021134,0.021135,0.021136,0.021137,0.021138,0.021139,0.02114,0.021141,0.021142,0.021143,0.021143,0.021144,0.021145,0.021145,0.021146,0.021146,0.021146,0.021147,0.021147,0.021147,0.021147,0.021147,0.021148,0.021148,0.021148,0.021148,0.021148,0.021148,0.021148,0.021148,0.021148,0.021148,0.021147,0.021147,0.021147,0.021147,0.021147,0.021147,0.021146,0.021146,0.021146,0.021146,0.021146,0.021145,0.021145,0.021145,0.021145,0.021144,0.021144,0.021144,0.021143,0.021143,0.021143,0.021142,0.021142
0,2.1137e-16,1.691e-17,3.7792e-12,7.5674e-10,2.4067e-08,2.7603e-07,1.6853e-06,6.7731e-06,2.0337e-05,4.9444e-05,0.00010269,0.00018907,0.00031686,0.0004928,0.00072157,0.0010057,0.0013457,0.0017402,0.0021865,0.0026806,0.003218,0.0037936,0.0044019,0.0050375,0.0056954,0.0063702,0.0070575,0.0077526,0.0084517,0.0091512,0.0098477,0.010538,0.011221,0.011893,0.012553,0.013199,0.01383,0.014445,0.015043,0.015623,0.016186,0.01673,0.017256,0.017763,0.018252,0.018722,0.019175,0.019609,0.020027,0.020427,0.02081,0.021177,0.021528,0.021864,0.022185,0.022491,0.022784,0.023063,0.023329,0.023583,0.023824,0.024055,0.024274,0.024483,0.024681,0.02487,0.02505,0.025221,0.025383,0.025537,0.025684,0.025823,0.025955,0.026081,0.0262,0.026313,0.02642,0.026521,0.026618,0.026709,0.026796,0.026878,0.026956,0.02703,0.0271,0.027166,0.027228,0.027288,0.027344,0.027397,0.027448,0.027496,0.027541,0.027584,0.027624,0.027662,0.027699,0.027733,0.027765,0.027796,0.027825,0.027852,0.027878,0.027903,0.027926,0.027948,0.027968,0.027988,0.028006,0.028024,0.02804,0.028056,0.02807,0.028084,0.028097,0.02811,0.028121,0.028132,0.028142,0.028152,0.028161,0.02817,0.028178,0.028186,0.028193,0.0282,0.028206,0.028212,0.028218,0.028223,0.028228,0.028233,0.028238,0.028242,0.028246,0.028249,0.028253,0.028256,0.028259,0.028262,0.028264,0.028267,0.028269,0.028271,0.028273,0.028275,0.028277,0.028278,0.02828,0.028281,0.028282,0.028284,0.028285,0.028286,0.028287,0.028287,0.028288,0.028289,0.028289,0.02829,0.02829,0.028291,0.028291,0.028291,0.028292,0.028292,0.028292,0.028292,0.028292,0.028292,0.028292,0.028292,0.028292,0.028292,0.028292,0.028292,0.028292,0.028292,0.028292,0.028291,0.028291,0.028291,0.028291,0.02829,0.02829,0.02829,0.028289,0.028289,0.028289,0.028288,0.028288,0.028288,0.028287,0.028287,0.028286,0.028286,0.028285,0.028285,0.028285,0.028284
0,1.3267e-16,2.1783e-15,1.8095e-11,2.7572e-09,7.2866e-08,7.2992e-07,4.0177e-06,1.4877e-05,4.1803e-05,9.6219e-05,0.00019089,0.00033806,0.000548,0.00082805,0.0011824,0.001612,0.0021153,0.0026885,0.0033261,0.0040218,0.0047683,0.0055582,0.0063841,0.0072388,0.0081155,0.0090078,0.0099098,0.010816,0.011722,0.012624,0.013517,0.014398,0.015266,0.016117,0.016949,0.017762,0.018553,0.019322,0.020067,0.02079,0.021488,0.022162,0.022812,0.023438,0.024041,0.02462,0.025176,0.025709,0.02622,0.02671,0.027179,0.027627,0.028056,0.028465,0.028856,0.029229,0.029585,0.029925,0.030248,0.030557,0.03085,0.031129,0.031395,0.031648,0.031889,0.032118,0.032335,0.032542,0.032738,0.032925,0.033102,0.03327,0.033429,0.033581,0.033724,0.033861,0.03399,0.034113,0.034229,0.034339,0.034443,0.034542,0.034636,0.034725,0.034809,0.034889,0.034964,0.035036,0.035104,0.035168,0.035228,0.035286,0.03534,0.035392,0.03544,0.035486,0.03553,0.035571,0.03561,0.035647,0.035682,0.035714,0.035746,0.035775,0.035803,0.035829,0.035854,0.035877,0.035899,0.03592,0.03594,0.035959,0.035976,0.035993,0.036008,0.036023,0.036037,0.03605,0.036063,0.036074,0.036085,0.036096,0.036105,0.036114,0.036123,0.036131,0.036139,0.036146,0.036153,0.036159,0.036165,0.036171,0.036176,0.036181,0.036186,0.03619,0.036194,0.036198,0.036201,0.036205,0.036208,0.036211,0.036213,0.036216,0.036218,0.03622,0.036223,0.036224,0.036226,0.036228,0.036229,0.03623,0.036232,0.036233,0.036234,0.036235,0.036236,0.036236,0.036237,0.036238,0.036238,0.036239,0.036239,0.036239,0.03624,0.03624,0.03624,0.03624,0.03624,0.03624,0.03624,0.03624,0.03624,0.03624,0.03624,0.036239,0.036239,0.036239,0.036239,0.036238,0.036238,0.036238,0.036237,0.036237,0.036237,0.036236,0.036236,0.036235,0.036235,0.036234,0.036234,0.036233,0.036233,0.036232,0.036232,0.036231,0.036231,0.03623,0.03623,0.036229
0,3.5407e-17,1.8772e-14,8.3758e-11,9.7041e-09,2.1306e-07,1.8641e-06,9.2513e-06,3.1566e-05,8.3017e-05,0.00018093,0.0003429,0.00058415,0.0009159,0.0013446,0.0018722,0.0024965,0.0032123,0.004012,0.0048867,0.0058263,0.0068209,0.0078604,0.0089351,0.010036,0.011155,0.012284,0.013416,0.014547,0.015669,0.016779,0.017873,0.018948,0.02,0.021029,0.022031,0.023005,0.02395,0.024867,0.025753,0.026609,0.027434,0.02823,0.028995,0.029731,0.030437,0.031115,0.031765,0.032388,0.032984,0.033554,0.034099,0.03462,0.035117,0.035592,0.036045,0.036477,0.036888,0.03728,0.037654,0.038009,0.038348,0.038669,0.038976,0.039267,0.039544,0.039807,0.040056,0.040294,0.040519,0.040733,0.040936,0.041129,0.041312,0.041485,0.04165,0.041806,0.041954,0.042094,0.042227,0.042353,0.042473,0.042586,0.042693,0.042795,0.042891,0.042982,0.043068,0.04315,0.043227,0.0433,0.043369,0.043435,0.043497,0.043555,0.043611,0.043663,0.043713,0.04376,0.043804,0.043846,0.043886,0.043923,0.043959,0.043992,0.044024,0.044054,0.044082,0.044108,0.044134,0.044157,0.04418,0.044201,0.044221,0.04424,0.044257,0.044274,0.04429,0.044305,0.044319,0.044332,0.044345,0.044356,0.044367,0.044378,0.044388,0.044397,0.044405,0.044414,0.044421,0.044428,0.044435,0.044441,0.044447,0.044453,0.044458,0.044463,0.044468,0.044472,0.044476,0.04448,0.044483,0.044486,0.044489,0.044492,0.044495,0.044497,0.044499,0.044501,0.044503,0.044505,0.044507,0.044508,0.044509,0.04451,0.044512,0.044513,0.044513,0.044514,0.044515,0.044516,0.044516,0.044517,0.044517,0.044517,0.044517,0.044518,0.044518,0.044518,0.044518,0.044518,0.044518,0.044518,0.044517,0.044517,0.044517,0.044517,0.044516,0.044516,0.044516,0.044515,0.044515,0.044514,0.044514,0.044513,0.044513,0.044512,0.044512,0.044511,0.044511,0.04451,0.044509,0.044509,0.044508,0.044507,0.044507,0.044506,0.044505,0.044505,0.044504,0.044503
0,1.3122e-16,1.338e-13,3.747e-10,3.2995e-08,6.0183e-07,4.5999e-06,2.059e-05,6.4757e-05,0.00015945,0.00032912,0.00059596,0.00097673,0.0014814,0.002113,0.0028687,0.0037413,0.0047201,0.0057926,0.0069452,0.0081641,0.009436,0.010748,0.012089,0.013448,0.014816,0.016184,0.017545,0.018893,0.020223,0.02153,0.02281,0.024061,0.02528,0.026465,0.027615,0.028729,0.029807,0.030847,0.03185,0.032816,0.033746,0.034639,0.035496,0.036318,0.037106,0.037861,0.038583,0.039274,0.039934,0.040565,0.041167,0.041742,0.04229,0.042812,0.04331,0.043784,0.044235,0.044665,0.045074,0.045463,0.045833,0.046185,0.046519,0.046837,0.047139,0.047426,0.047698,0.047956,0.048201,0.048434,0.048655,0.048864,0.049063,0.049251,0.04943,0.049599,0.04976,0.049912,0.050056,0.050193,0.050322,0.050445,0.050561,0.05067,0.050774,0.050873,0.050966,0.051054,0.051138,0.051217,0.051292,0.051362,0.051429,0.051493,0.051552,0.051609,0.051663,0.051713,0.051761,0.051806,0.051849,0.051889,0.051927,0.051963,0.051997,0.05203,0.05206,0.052089,0.052116,0.052141,0.052165,0.052188,0.052209,0.05223,0.052249,0.052267,0.052284,0.052299,0.052315,0.052329,0.052342,0.052355,0.052366,0.052378,0.052388,0.052398,0.052407,0.052416,0.052424,0.052432,0.052439,0.052445,0.052452,0.052458,0.052463,0.052468,0.052473,0.052478,0.052482,0.052486,0.052489,0.052493,0.052496,0.052499,0.052502,0.052504,0.052506,0.052508,0.05251,0.052512,0.052514,0.052515,0.052517,0.052518,0.052519,0.05252,0.052521,0.052521,0.052522,0.052523,0.052523,0.052524,0.052524,0.052524,0.052524,0.052524,0.052524,0.052524,0.052524,0.052524,0.052524,0.052524,0.052523,0.052523,0.052523,0.052522,0.052522,0.052522,0.052521,0.052521,0.05252,0.052519,0.052519,0.052518,0.052517,0.052517,0.052516,0.052515,0.052515,0.052514,0.052513,0.052512,0.052512,0.052511,0.05251,0.052509,0.052508,0.052507,0.052507,0.052506
0,1.3242e-17,9.2798e-13,1.6193e-09,1.0838e-07,1.6427e-06,1.0973e-05,4.4321e-05,0.00012854,0.00029642,0.00057968,0.0010032,0.0015821,0.0023214,0.0032174,0.0042597,0.0054333,0.0067209,0.0081038,0.0095636,0.011083,0.012644,0.014234,0.015839,0.017447,0.019049,0.020636,0.022201,0.023739,0.025245,0.026714,0.028145,0.029535,0.030881,0.032184,0.033443,0.034656,0.035825,0.036949,0.038029,0.039066,0.04006,0.041013,0.041925,0.042798,0.043632,0.04443,0.045191,0.045918,0.046611,0.047273,0.047903,0.048503,0.049075,0.04962,0.050138,0.050631,0.0511,0.051546,0.05197,0.052373,0.052755,0.053119,0.053464,0.053792,0.054103,0.054398,0.054679,0.054945,0.055197,0.055436,0.055663,0.055878,0.056082,0.056275,0.056458,0.056631,0.056796,0.056951,0.057099,0.057238,0.057371,0.057496,0.057614,0.057727,0.057833,0.057933,0.058028,0.058118,0.058204,0.058284,0.05836,0.058432,0.0585,0.058565,0.058626,0.058683,0.058738,0.058789,0.058838,0.058884,0.058927,0.058968,0.059007,0.059043,0.059078,0.05911,0.059141,0.05917,0.059198,0.059223,0.059248,0.059271,0.059292,0.059313,0.059332,0.05935,0.059367,0.059384,0.059399,0.059413,0.059426,0.059439,0.059451,0.059462,0.059473,0.059482,0.059492,0.0595,0.059509,0.059516,0.059523,0.05953,0.059536,0.059542,0.059548,0.059553,0.059558,0.059562,0.059566,0.05957,0.059574,0.059577,0.05958,0.059583,0.059585,0.059588,0.05959,0.059592,0.059594,0.059596,0.059597,0.059598,0.0596,0.059601,0.059602,0.059603,0.059603,0.059604,0.059605,0.059605,0.059605,0.059606,0.059606,0.059606,0.059606,0.059606,0.059606,0.059606,0.059606,0.059605,0.059605,0.059605,0.059604,0.059604,0.059603,0.059603,0.059602,0.059602,0.059601,0.0596,0.0596,0.059599,0.059598,0.059597,0.059597,0.059596,0.059595,0.059594,0.059593,0.059592,0.059591,0.059591,0.05959,0.059589,0.059588,0.059587,0.059586,0.059585,0.059584,0.059583
0,4.4878e-17,6.2027e-12,6.7568e-09,3.4384e-07,4.3334e-06,2.5314e-05,9.2316e-05,0.00024704,0.00053383,0.00098946,0.0016371,0.0024851,0.0035285,0.0047527,0.0061368,0.0076563,0.0092859,0.011001,0.012778,0.014596,0.016437,0.018285,0.020127,0.02195,0.023746,0.025508,0.027229,0.028906,0.030534,0.03211,0.033635,0.035106,0.036522,0.037885,0.039194,0.04045,0.041654,0.042807,0.043911,0.044966,0.045974,0.046937,0.047856,0.048733,0.049568,0.050365,0.051124,0.051846,0.052534,0.053189,0.053811,0.054403,0.054966,0.055501,0.05601,0.056493,0.056952,0.057387,0.057801,0.058194,0.058566,0.05892,0.059255,0.059573,0.059875,0.060161,0.060432,0.060689,0.060933,0.061164,0.061383,0.06159,0.061786,0.061972,0.062148,0.062315,0.062473,0.062623,0.062764,0.062898,0.063025,0.063145,0.063259,0.063366,0.063468,0.063564,0.063655,0.063741,0.063822,0.063899,0.063972,0.064041,0.064106,0.064167,0.064225,0.06428,0.064332,0.064381,0.064427,0.064471,0.064512,0.064551,0.064588,0.064622,0.064655,0.064686,0.064715,0.064743,0.064769,0.064793,0.064816,0.064838,0.064858,0.064878,0.064896,0.064913,0.064929,0.064944,0.064959,0.064972,0.064985,0.064997,0.065008,0.065018,0.065028,0.065037,0.065046,0.065054,0.065062,0.065069,0.065075,0.065081,0.065087,0.065093,0.065098,0.065102,0.065107,0.065111,0.065115,0.065118,0.065121,0.065124,0.065127,0.06513,0.065132,0.065134,0.065136,0.065138,0.065139,0.065141,0.065142,0.065143,0.065144,0.065145,0.065146,0.065146,0.065147,0.065147,0.065148,0.065148,0.065148,0.065148,0.065148,0.065148,0.065148,0.065148,0.065148,0.065147,0.065147,0.065147,0.065146,0.065146,0.065145,0.065144,0.065144,0.065143,0.065142,0.065142,0.065141,0.06514,0.065139,0.065138,0.065138,0.065137,0.065136,0.065135,0.065134,0.065133,0.065132,0.065131,0.06513,0.065129,0.065128,0.065127,0.065126,0.065124,0.065123,0.065122,0.065121,0.06512
0,5.4108e-16,3.9948e-11,2.7203e-08,1.0534e-06,1.1047e-05,5.6483e-05,0.00018613,0.00045991,0.00093185,0.001638,0.0025922,0.0037889,0.0052075,0.0068184,0.0085878,0.010481,0.012465,0.014509,0.016588,0.018677,0.02076,0.022819,0.024842,0.026821,0.028747,0.030615,0.032422,0.034164,0.035841,0.037451,0.038995,0.040474,0.041888,0.043239,0.044529,0.04576,0.046933,0.048051,0.049115,0.050128,0.051091,0.052008,0.052879,0.053707,0.054493,0.055241,0.05595,0.056624,0.057264,0.057871,0.058447,0.058993,0.059512,0.060003,0.06047,0.060912,0.061331,0.061728,0.062105,0.062461,0.0628,0.06312,0.063423,0.063711,0.063983,0.064241,0.064485,0.064717,0.064936,0.065143,0.065339,0.065525,0.0657,0.065867,0.066024,0.066173,0.066314,0.066447,0.066573,0.066693,0.066805,0.066912,0.067013,0.067108,0.067198,0.067284,0.067364,0.06744,0.067512,0.06758,0.067644,0.067705,0.067763,0.067817,0.067868,0.067916,0.067962,0.068005,0.068046,0.068084,0.06812,0.068154,0.068187,0.068217,0.068246,0.068273,0.068298,0.068322,0.068345,0.068366,0.068386,0.068405,0.068423,0.06844,0.068456,0.068471,0.068485,0.068498,0.06851,0.068522,0.068533,0.068543,0.068552,0.068561,0.06857,0.068578,0.068585,0.068592,0.068598,0.068604,0.06861,0.068615,0.06862,0.068625,0.068629,0.068633,0.068636,0.06864,0.068643,0.068646,0.068648,0.068651,0.068653,0.068655,0.068657,0.068658,0.06866,0.068661,0.068662,0.068663,0.068664,0.068665,0.068666,0.068666,0.068667,0.068667,0.068667,0.068667,0.068667,0.068667,0.068667,0.068667,0.068667,0.068667,0.068666,0.068666,0.068665,0.068665,0.068664,0.068664,0.068663,0.068663,0.068662,0.068661,0.06866,0.068659,0.068659,0.068658,0.068657,0.068656,0.068655,0.068654,0.068653,0.068652,0.068651,0.06865,0.068649,0.068648,0.068647,0.068645,0.068644,0.068643,0.068642,0.068641,0.06864,0.068639,0.068637,0.068636,0.068635,0.068634
0,1.75e-16,2.4758e-10,1.0558e-07,3.1146e-06,2.7213e-05,0.00012191,0.00036336,0.00082973,0.0015776,0.0026314,0.0039855,0.0056118,0.0074687,0.0095091,0.011686,0.013954,0.016275,0.018616,0.020949,0.023251,0.025507,0.027702,0.029828,0.031878,0.033847,0.035734,0.037537,0.039257,0.040894,0.042452,0.043931,0.045335,0.046667,0.047929,0.049125,0.050257,0.051329,0.052343,0.053303,0.054212,0.055071,0.055884,0.056652,0.057379,0.058067,0.058717,0.059332,0.059913,0.060463,0.060983,0.061475,0.06194,0.06238,0.062795,0.063188,0.06356,0.063911,0.064244,0.064558,0.064855,0.065136,0.065401,0.065653,0.06589,0.066114,0.066326,0.066527,0.066716,0.066896,0.067065,0.067225,0.067376,0.067519,0.067654,0.067782,0.067903,0.068017,0.068125,0.068226,0.068323,0.068413,0.068499,0.06858,0.068657,0.068729,0.068798,0.068862,0.068923,0.06898,0.069035,0.069086,0.069134,0.06918,0.069223,0.069264,0.069302,0.069338,0.069372,0.069405,0.069435,0.069463,0.06949,0.069516,0.06954,0.069562,0.069584,0.069604,0.069622,0.06964,0.069657,0.069673,0.069687,0.069701,0.069714,0.069726,0.069738,0.069749,0.069759,0.069768,0.069777,0.069786,0.069793,0.069801,0.069807,0.069814,0.06982,0.069825,0.06983,0.069835,0.06984,0.069844,0.069848,0.069851,0.069855,0.069858,0.06986,0.069863,0.069865,0.069867,0.069869,0.069871,0.069873,0.069874,0.069875,0.069876,0.069877,0.069878,0.069879,0.06988,0.06988,0.06988,0.069881,0.069881,0.069881,0.069881,0.069881,0.069881,0.069881,0.06988,0.06988,0.06988,0.069879,0.069879,0.069878,0.069878,0.069877,0.069876,0.069876,0.069875,0.069874,0.069873,0.069873,0.069872,0.069871,0.06987,0.069869,0.069868,0.069867,0.069866,0.069865,0.069864,0.069863,0.069862,0.06986,0.069859,0.069858,0.069857,0.069856,0.069855,0.069854,0.069852,0.069851,0.06985,0.069849,0.069847,0.069846,0.069845,0.069844,0.069842,0.069841
0,1.6005e-15,1.474e-09,3.9464e-07,8.8836e-06,6.4756e-05,0.00025451,0.00068692,0.0014511,0.0025911,0.0041046,0.0059536,0.0080802,0.010418,0.012903,0.015476,0.018086,0.020692,0.023261,0.025768,0.028195,0.030529,0.032761,0.034888,0.036906,0.038816,0.04062,0.042321,0.043922,0.045427,0.046842,0.04817,0.049416,0.050585,0.051682,0.05271,0.053674,0.054579,0.055427,0.056223,0.05697,0.057671,0.058328,0.058946,0.059525,0.06007,0.060581,0.061062,0.061514,0.061938,0.062337,0.062713,0.063066,0.063398,0.063711,0.064005,0.064282,0.064543,0.064788,0.065019,0.065237,0.065442,0.065635,0.065817,0.065988,0.06615,0.066302,0.066446,0.066581,0.066708,0.066828,0.066942,0.067048,0.067149,0.067244,0.067333,0.067417,0.067497,0.067572,0.067642,0.067709,0.067772,0.067831,0.067887,0.067939,0.067989,0.068036,0.06808,0.068121,0.06816,0.068197,0.068232,0.068265,0.068295,0.068324,0.068352,0.068377,0.068402,0.068424,0.068446,0.068466,0.068485,0.068503,0.06852,0.068536,0.06855,0.068564,0.068577,0.06859,0.068601,0.068612,0.068622,0.068632,0.068641,0.068649,0.068657,0.068664,0.068671,0.068677,0.068683,0.068689,0.068694,0.068699,0.068703,0.068707,0.068711,0.068715,0.068718,0.068721,0.068724,0.068726,0.068729,0.068731,0.068733,0.068734,0.068736,0.068737,0.068739,0.06874,0.068741,0.068742,0.068742,0.068743,0.068743,0.068744,0.068744,0.068744,0.068744,0.068745,0.068744,0.068744,0.068744,0.068744,0.068744,0.068743,0.068743,0.068742,0.068742,0.068741,0.068741,0.06874,0.068739,0.068739,0.068738,0.068737,0.068736,0.068735,0.068734,0.068734,0.068733,0.068732,0.068731,0.06873,0.068729,0.068728,0.068727,0.068725,0.068724,0.068723,0.068722,0.068721,0.06872,0.068719,0.068717,0.068716,0.068715,0.068714,0.068713,0.068711,0.06871,0.068709,0.068708,0.068707,0.068705,0.068704,0.068703,0.068701,0.0687,0.068699,0.068698,0.068696
0,2.0307e-14,8.4132e-09,1.4188e-06,2.4423e-05,0.00014878,0.0005138,0.0012575,0.0024603,0.0041304,0.0062191,0.0086455,0.011317,0.014145,0.017049,0.019966,0.022843,0.025643,0.028337,0.030908,0.033343,0.035638,0.03779,0.039801,0.041676,0.043418,0.045036,0.046534,0.047922,0.049205,0.050391,0.051488,0.0525,0.053436,0.0543,0.055099,0.055837,0.056519,0.057149,0.057732,0.058272,0.058771,0.059234,0.059663,0.06006,0.060428,0.06077,0.061087,0.061382,0.061656,0.06191,0.062147,0.062367,0.062571,0.062762,0.06294,0.063105,0.06326,0.063404,0.063538,0.063663,0.06378,0.063889,0.063991,0.064086,0.064175,0.064259,0.064336,0.064409,0.064477,0.064541,0.064601,0.064656,0.064709,0.064758,0.064803,0.064846,0.064887,0.064924,0.064959,0.064992,0.065023,0.065052,0.06508,0.065105,0.065129,0.065151,0.065172,0.065192,0.06521,0.065227,0.065243,0.065258,0.065273,0.065286,0.065298,0.06531,0.06532,0.065331,0.06534,0.065349,0.065357,0.065365,0.065372,0.065379,0.065385,0.065391,0.065396,0.065401,0.065406,0.06541,0.065414,0.065417,0.065421,0.065424,0.065427,0.065429,0.065432,0.065434,0.065436,0.065438,0.06544,0.065441,0.065442,0.065443,0.065445,0.065445,0.065446,0.065447,0.065447,0.065448,0.065448,0.065448,0.065449,0.065449,0.065449,0.065449,0.065448,0.065448,0.065448,0.065448,0.065447,0.065447,0.065446,0.065446,0.065445,0.065445,0.065444,0.065443,0.065443,0.065442,0.065441,0.06544,0.06544,0.065439,0.065438,0.065437,0.065436,0.065435,0.065434,0.065433,0.065432,0.065431,0.06543,0.065429,0.065428,0.065427,0.065426,0.065425,0.065423,0.065422,0.065421,0.06542,0.065419,0.065418,0.065417,0.065415,0.065414,0.065413,0.065412,0.065411,0.065409,0.065408,0.065407,0.065406,0.065404,0.065403,0.065402,0.065401,0.0654,0.065398,0.065397,0.065396,0.065395,0.065393,0.065392,0.065391,0.06539,0.065388,0.065387,0.065386
0,3.5781e-13,4.5935e-08,4.8995e-06,6.4652e-05,0.00032985,0.0010027,0.0022286,0.0040441,0.0063907,0.0091558,0.012209,0.015426,0.018702,0.021951,0.025111,0.028138,0.031002,0.033688,0.036186,0.038496,0.040621,0.042567,0.044345,0.045963,0.047434,0.048766,0.049972,0.051062,0.052046,0.052933,0.053732,0.054452,0.055099,0.05568,0.056203,0.056672,0.057093,0.05747,0.057809,0.058112,0.058383,0.058626,0.058843,0.059037,0.059211,0.059366,0.059504,0.059627,0.059737,0.059834,0.059921,0.059997,0.060065,0.060126,0.060179,0.060226,0.060267,0.060303,0.060335,0.060362,0.060386,0.060407,0.060425,0.06044,0.060453,0.060465,0.060474,0.060481,0.060488,0.060493,0.060496,0.060499,0.060501,0.060503,0.060503,0.060503,0.060503,0.060502,0.060501,0.060499,0.060497,0.060495,0.060493,0.06049,0.060487,0.060485,0.060482,0.060479,0.060476,0.060473,0.06047,0.060467,0.060464,0.060461,0.060458,0.060455,0.060452,0.060449,0.060447,0.060444,0.060441,0.060438,0.060436,0.060433,0.06043,0.060428,0.060425,0.060423,0.060421,0.060418,0.060416,0.060414,0.060411,0.060409,0.060407,0.060405,0.060403,0.060401,0.060399,0.060397,0.060395,0.060393,0.060391,0.06039,0.060388,0.060386,0.060384,0.060382,0.060381,0.060379,0.060378,0.060376,0.060374,0.060373,0.060371,0.06037,0.060368,0.060367,0.060365,0.060364,0.060362,0.060361,0.060359,0.060358,0.060356,0.060355,0.060354,0.060352,0.060351,0.060349,0.060348,0.060347,0.060345,0.060344,0.060343,0.060341,0.06034,0.060339,0.060338,0.060336,0.060335,0.060334,0.060332,0.060331,0.06033,0.060329,0.060327,0.060326,0.060325,0.060323,0.060322,0.060321,0.06032,0.060318,0.060317,0.060316,0.060315,0.060314,0.060312,0.060311,0.06031,0.060309,0.060307,0.060306,0.060305,0.060304,0.060302,0.060301,0.0603,0.060299,0.060298,0.060296,0.060295,0.060294,0.060293,0.060292,0.06029,0.060289,0.060288,0.060287
0,5.8433e-12,2.3927e-07,1.6221e-05,0.00016459,0.000705,0.0018904,0.0038229,0.0064439,0.009598,0.013099,0.016772,0.020473,0.024092,0.027554,0.030809,0.033827,0.036597,0.039117,0.041393,0.043435,0.045258,0.046878,0.04831,0.049571,0.050677,0.051644,0.052484,0.053212,0.053838,0.054375,0.054833,0.05522,0.055544,0.055814,0.056034,0.056213,0.056354,0.056462,0.056542,0.056598,0.056632,0.056648,0.056648,0.056634,0.056609,0.056575,0.056532,0.056483,0.056428,0.056369,0.056306,0.056241,0.056173,0.056105,0.056036,0.055966,0.055897,0.055827,0.055759,0.055692,0.055625,0.055561,0.055497,0.055435,0.055375,0.055316,0.05526,0.055205,0.055151,0.0551,0.05505,0.055003,0.054957,0.054912,0.05487,0.054829,0.05479,0.054752,0.054716,0.054681,0.054648,0.054617,0.054586,0.054557,0.05453,0.054503,0.054478,0.054454,0.054431,0.054409,0.054388,0.054368,0.054349,0.05433,0.054313,0.054296,0.054281,0.054266,0.054251,0.054237,0.054224,0.054212,0.0542,0.054189,0.054178,0.054167,0.054158,0.054148,0.054139,0.054131,0.054122,0.054115,0.054107,0.0541,0.054093,0.054087,0.054081,0.054075,0.054069,0.054063,0.054058,0.054053,0.054048,0.054044,0.054039,0.054035,0.054031,0.054027,0.054024,0.05402,0.054016,0.054013,0.05401,0.054007,0.054004,0.054001,0.053998,0.053995,0.053993,0.05399,0.053988,0.053985,0.053983,0.053981,0.053979,0.053977,0.053974,0.053972,0.053971,0.053969,0.053967,0.053965,0.053963,0.053961,0.05396,0.053958,0.053956,0.053955,0.053953,0.053952,0.05395,0.053949,0.053947,0.053946,0.053944,0.053943,0.053941,0.05394,0.053939,0.053937,0.053936,0.053935,0.053933,0.053932,0.053931,0.05393,0.053928,0.053927,0.053926,0.053925,0.053923,0.053922,0.053921,0.05392,0.053919,0.053917,0.053916,0.053915,0.053914,0.053913,0.053912,0.05391,0.053909,0.053908,0.053907,0.053906,0.053905,0.053904,0.053902,0.053901
0,8.8562e-11,1.1854e-06,5.1376e-05,0.00040233,0.001451,0.0034403,0.0063433,0.0099499,0.01399,0.018212,0.022417,0.026461,0.030252,0.033738,0.036894,0.039716,0.042212,0.0444,0.046301,0.047939,0.049339,0.050524,0.051518,0.052341,0.053015,0.053556,0.053982,0.054307,0.054544,0.054704,0.0548,0.054839,0.05483,0.05478,0.054695,0.054582,0.054445,0.054288,0.054115,0.05393,0.053735,0.053532,0.053325,0.053114,0.052901,0.052689,0.052477,0.052266,0.052059,0.051855,0.051654,0.051458,0.051267,0.051081,0.0509,0.050725,0.050555,0.05039,0.050232,0.050079,0.049931,0.04979,0.049653,0.049522,0.049397,0.049276,0.04916,0.04905,0.048944,0.048843,0.048746,0.048653,0.048565,0.04848,0.0484,0.048323,0.04825,0.04818,0.048113,0.04805,0.04799,0.047932,0.047877,0.047825,0.047776,0.047729,0.047684,0.047641,0.047601,0.047562,0.047525,0.04749,0.047457,0.047426,0.047396,0.047368,0.04734,0.047315,0.04729,0.047267,0.047245,0.047224,0.047205,0.047186,0.047168,0.047151,0.047134,0.047119,0.047104,0.047091,0.047077,0.047065,0.047053,0.047041,0.047031,0.04702,0.047011,0.047001,0.046992,0.046984,0.046976,0.046968,0.046961,0.046954,0.046947,0.046941,0.046935,0.046929,0.046924,0.046919,0.046914,0.046909,0.046904,0.0469,0.046896,0.046892,0.046888,0.046884,0.04688,0.046877,0.046874,0.046871,0.046868,0.046865,0.046862,0.046859,0.046857,0.046854,0.046852,0.046849,0.046847,0.046845,0.046843,0.046841,0.046839,0.046837,0.046835,0.046833,0.046831,0.046829,0.046828,0.046826,0.046825,0.046823,0.046821,0.04682,0.046818,0.046817,0.046816,0.046814,0.046813,0.046811,0.04681,0.046809,0.046808,0.046806,0.046805,0.046804,0.046803,0.046801,0.0468,0.046799,0.046798,0.046797,0.046796,0.046795,0.046793,0.046792,0.046791,0.04679,0.046789,0.046788,0.046787,0.046786,0.046785,0.046784,0.046783,0.046782,0.046781,0.04678
0,1.2395e-09,5.5655e-06,0.00015527,0.00094249,0.0028717,0.0060376,0.010174,0.01488,0.019785,0.024604,0.02915,0.033311,0.037036,0.04031,0.043144,0.045564,0.047604,0.049299,0.050686,0.051801,0.052678,0.053347,0.053835,0.054169,0.054369,0.054455,0.054445,0.054354,0.054194,0.053978,0.053715,0.053415,0.053084,0.052729,0.052356,0.051969,0.051574,0.051173,0.050769,0.050365,0.049963,0.049566,0.049174,0.048789,0.048411,0.048042,0.047683,0.047334,0.046994,0.046666,0.046348,0.04604,0.045744,0.045458,0.045184,0.044919,0.044665,0.044421,0.044188,0.043964,0.043749,0.043544,0.043347,0.043159,0.04298,0.042809,0.042645,0.042489,0.04234,0.042198,0.042063,0.041934,0.041812,0.041695,0.041584,0.041478,0.041377,0.041282,0.041191,0.041104,0.041022,0.040944,0.040869,0.040799,0.040732,0.040668,0.040608,0.04055,0.040496,0.040444,0.040395,0.040348,0.040304,0.040262,0.040223,0.040185,0.040149,0.040115,0.040083,0.040052,0.040023,0.039996,0.039969,0.039945,0.039921,0.039899,0.039878,0.039858,0.039839,0.039821,0.039803,0.039787,0.039772,0.039757,0.039743,0.03973,0.039717,0.039705,0.039694,0.039683,0.039673,0.039663,0.039654,0.039645,0.039637,0.039629,0.039622,0.039615,0.039608,0.039601,0.039595,0.039589,0.039583,0.039578,0.039573,0.039568,0.039563,0.039559,0.039555,0.039551,0.039547,0.039543,0.03954,0.039536,0.039533,0.03953,0.039527,0.039524,0.039521,0.039519,0.039516,0.039514,0.039511,0.039509,0.039507,0.039505,0.039503,0.039501,0.039499,0.039497,0.039495,0.039493,0.039492,0.03949,0.039488,0.039487,0.039485,0.039484,0.039482,0.039481,0.03948,0.039478,0.039477,0.039476,0.039475,0.039473,0.039472,0.039471,0.03947,0.039469,0.039468,0.039466,0.039465,0.039464,0.039463,0.039462,0.039461,0.03946,0.039459,0.039458,0.039457,0.039456,0.039455,0.039454,0.039454,0.039453,0.039452,0.039451,0.03945,0.039449
0,1.5911e-08,2.4654e-05,0.00044635,0.0021108,0.005455,0.010203,0.015756,0.021539,0.027134,0.032289,0.036874,0.040845,0.04421,0.047006,0.049285,0.051102,0.052515,0.053578,0.054339,0.054843,0.055129,0.055232,0.055182,0.055004,0.054721,0.054352,0.053913,0.053419,0.052882,0.052312,0.051717,0.051106,0.050484,0.049857,0.049229,0.048603,0.047984,0.047373,0.046773,0.046184,0.04561,0.04505,0.044506,0.043978,0.043467,0.042972,0.042495,0.042034,0.041591,0.041164,0.040753,0.040359,0.039981,0.039619,0.039272,0.038939,0.038621,0.038317,0.038026,0.037749,0.037484,0.037231,0.036989,0.036759,0.03654,0.036331,0.036132,0.035943,0.035763,0.035591,0.035428,0.035273,0.035125,0.034985,0.034851,0.034725,0.034604,0.03449,0.034382,0.034278,0.034181,0.034088,0.034,0.033916,0.033837,0.033761,0.03369,0.033622,0.033558,0.033497,0.033439,0.033384,0.033332,0.033283,0.033236,0.033192,0.03315,0.03311,0.033072,0.033037,0.033003,0.032971,0.03294,0.032911,0.032884,0.032858,0.032833,0.03281,0.032788,0.032767,0.032747,0.032729,0.032711,0.032694,0.032678,0.032663,0.032648,0.032634,0.032622,0.032609,0.032598,0.032586,0.032576,0.032566,0.032557,0.032548,0.032539,0.032531,0.032523,0.032516,0.032509,0.032502,0.032496,0.03249,0.032484,0.032479,0.032474,0.032469,0.032464,0.03246,0.032455,0.032451,0.032447,0.032444,0.03244,0.032437,0.032434,0.032431,0.032428,0.032425,0.032422,0.03242,0.032417,0.032415,0.032412,0.03241,0.032408,0.032406,0.032404,0.032402,0.0324,0.032399,0.032397,0.032395,0.032394,0.032392,0.032391,0.032389,0.032388,0.032387,0.032385,0.032384,0.032383,0.032381,0.03238,0.032379,0.032378,0.032377,0.032376,0.032375,0.032374,0.032373,0.032372,0.032371,0.03237,0.032369,0.032368,0.032367,0.032366,0.032365,0.032365,0.032364,0.032363,0.032362,0.032361,0.03236,0.03236,0.032359,0.032358,0.032357
0,1.8581e-07,0.00010251,0.0012157,0.0045059,0.0099231,0.016575,0.02353,0.030143,0.036062,0.041141,0.045362,0.048774,0.051459,0.053507,0.055008,0.056046,0.056696,0.057023,0.057084,0.056928,0.056595,0.056119,0.055531,0.054853,0.054108,0.053311,0.052477,0.051618,0.050743,0.049862,0.04898,0.048103,0.047235,0.046381,0.045543,0.044724,0.043925,0.043147,0.042393,0.041662,0.040955,0.040272,0.039613,0.038979,0.038369,0.037782,0.037219,0.036679,0.036161,0.035664,0.035189,0.034735,0.034301,0.033886,0.033489,0.033111,0.03275,0.032405,0.032077,0.031764,0.031466,0.031182,0.030912,0.030655,0.03041,0.030178,0.029956,0.029746,0.029546,0.029356,0.029175,0.029004,0.028841,0.028686,0.02854,0.0284,0.028268,0.028142,0.028023,0.02791,0.027803,0.027702,0.027605,0.027514,0.027427,0.027345,0.027267,0.027193,0.027123,0.027057,0.026994,0.026935,0.026878,0.026825,0.026774,0.026726,0.026681,0.026638,0.026597,0.026558,0.026522,0.026487,0.026454,0.026423,0.026393,0.026366,0.026339,0.026314,0.02629,0.026268,0.026246,0.026226,0.026207,0.026189,0.026172,0.026156,0.02614,0.026126,0.026112,0.026099,0.026086,0.026074,0.026063,0.026053,0.026043,0.026033,0.026024,0.026015,0.026007,0.026,0.025992,0.025985,0.025979,0.025972,0.025966,0.025961,0.025955,0.02595,0.025945,0.025941,0.025936,0.025932,0.025928,0.025924,0.025921,0.025917,0.025914,0.025911,0.025908,0.025905,0.025902,0.0259,0.025897,0.025895,0.025892,0.02589,0.025888,0.025886,0.025884,0.025882,0.025881,0.025879,0.025877,0.025876,0.025874,0.025873,0.025871,0.02587,0.025869,0.025867,0.025866,0.025865,0.025864,0.025863,0.025862,0.02586,0.025859,0.025858,0.025857,0.025857,0.025856,0.025855,0.025854,0.025853,0.025852,0.025851,0.02585,0.02585,0.025849,0.025848,0.025847,0.025847,0.025846,0.025845,0.025845,0.025844,0.025843,0.025843,0.025842,0.025841
0,1.9547e-06,0.00039742,0.0031221,0.0091347,0.017237,0.025827,0.03383,0.040735,0.046396,0.050854,0.054238,0.0567,0.058391,0.059449,0.059991,0.06012,0.059919,0.059457,0.058792,0.05797,0.057029,0.056,0.054908,0.053773,0.052613,0.05144,0.050264,0.049096,0.047941,0.046804,0.045691,0.044604,0.043546,0.042519,0.041523,0.04056,0.03963,0.038733,0.03787,0.03704,0.036242,0.035477,0.034743,0.034039,0.033366,0.032721,0.032105,0.031516,0.030954,0.030416,0.029904,0.029415,0.028949,0.028505,0.028081,0.027678,0.027294,0.026929,0.026582,0.026251,0.025936,0.025637,0.025353,0.025083,0.024827,0.024583,0.024351,0.024132,0.023923,0.023725,0.023537,0.023359,0.023189,0.023029,0.022876,0.022732,0.022595,0.022465,0.022342,0.022225,0.022115,0.02201,0.02191,0.021816,0.021727,0.021642,0.021562,0.021486,0.021414,0.021346,0.021282,0.021221,0.021163,0.021108,0.021056,0.021007,0.020961,0.020916,0.020875,0.020835,0.020798,0.020762,0.020729,0.020697,0.020667,0.020639,0.020612,0.020586,0.020562,0.020539,0.020517,0.020497,0.020477,0.020459,0.020442,0.020425,0.02041,0.020395,0.020381,0.020367,0.020355,0.020343,0.020332,0.020321,0.020311,0.020301,0.020292,0.020284,0.020275,0.020268,0.02026,0.020253,0.020247,0.02024,0.020234,0.020229,0.020223,0.020218,0.020213,0.020209,0.020205,0.0202,0.020196,0.020193,0.020189,0.020186,0.020182,0.020179,0.020176,0.020174,0.020171,0.020168,0.020166,0.020164,0.020162,0.020159,0.020157,0.020156,0.020154,0.020152,0.02015,0.020149,0.020147,0.020146,0.020144,0.020143,0.020141,0.02014,0.020139,0.020138,0.020137,0.020136,0.020135,0.020134,0.020133,0.020132,0.020131,0.02013,0.020129,0.020128,0.020127,0.020126,0.020126,0.020125,0.020124,0.020123,0.020123,0.020122,0.020121,0.020121,0.02012,0.02012,0.020119,0.020118,0.020118,0.020117,0.020117,0.020116,0.020115,0.020115
0,1.8302e-05,0.0014252,0.0075146,0.017505,0.02849,0.038492,0.04672,0.053065,0.057709,0.060924,0.062984,0.064131,0.064567,0.064454,0.063924,0.063079,0.062,0.060752,0.059385,0.057937,0.056439,0.054915,0.053384,0.05186,0.050354,0.048874,0.047426,0.046016,0.044647,0.043321,0.042039,0.040803,0.039612,0.038467,0.037367,0.036312,0.0353,0.034331,0.033404,0.032517,0.03167,0.03086,0.030087,0.029349,0.028645,0.027975,0.027335,0.026726,0.026146,0.025593,0.025068,0.024567,0.024091,0.023639,0.023208,0.022799,0.022411,0.022041,0.02169,0.021357,0.021041,0.02074,0.020455,0.020184,0.019928,0.019684,0.019453,0.019233,0.019025,0.018828,0.018641,0.018464,0.018296,0.018136,0.017985,0.017842,0.017707,0.017578,0.017456,0.017341,0.017232,0.017128,0.01703,0.016937,0.016849,0.016766,0.016687,0.016613,0.016542,0.016475,0.016412,0.016352,0.016295,0.016241,0.01619,0.016142,0.016096,0.016053,0.016012,0.015974,0.015937,0.015903,0.01587,0.015839,0.015809,0.015782,0.015755,0.01573,0.015707,0.015685,0.015663,0.015643,0.015625,0.015607,0.01559,0.015574,0.015558,0.015544,0.015531,0.015518,0.015505,0.015494,0.015483,0.015473,0.015463,0.015453,0.015445,0.015436,0.015428,0.015421,0.015414,0.015407,0.015401,0.015395,0.015389,0.015384,0.015378,0.015374,0.015369,0.015365,0.01536,0.015356,0.015353,0.015349,0.015346,0.015342,0.015339,0.015336,0.015334,0.015331,0.015329,0.015326,0.015324,0.015322,0.01532,0.015318,0.015316,0.015314,0.015312,0.015311,0.015309,0.015308,0.015306,0.015305,0.015304,0.015302,0.015301,0.0153,0.015299,0.015298,0.015297,0.015296,0.015295,0.015294,0.015293,0.015292,0.015291,0.015291,0.01529,0.015289,0.015288,0.015288,0.015287,0.015286,0.015286,0.015285,0.015285,0.015284,0.015283,0.015283,0.015282,0.015282,0.015281,0.015281,0.01528,0.01528,0.015279,0.015279,0.015279,0.015278
0,0.00015022,0.0046785,0.01682,0.031524,0.044603,0.054681,0.06181,0.066491,0.069275,0.070638,0.070956,0.070514,0.06953,0.068162,0.06653,0.064725,0.06281,0.060837,0.058841,0.056848,0.054879,0.052948,0.051065,0.049237,0.047469,0.045763,0.044121,0.042544,0.041031,0.039582,0.038196,0.03687,0.035604,0.034395,0.033242,0.032142,0.031094,0.030096,0.029145,0.02824,0.027378,0.026558,0.025778,0.025036,0.024331,0.023661,0.023024,0.022418,0.021843,0.021297,0.020778,0.020286,0.019818,0.019374,0.018953,0.018553,0.018174,0.017814,0.017473,0.01715,0.016843,0.016552,0.016276,0.016014,0.015766,0.015531,0.015308,0.015097,0.014897,0.014708,0.014528,0.014358,0.014197,0.014045,0.0139,0.013764,0.013634,0.013511,0.013395,0.013285,0.013181,0.013082,0.012989,0.012901,0.012817,0.012738,0.012663,0.012592,0.012525,0.012462,0.012402,0.012345,0.012291,0.01224,0.012192,0.012146,0.012103,0.012062,0.012024,0.011987,0.011952,0.01192,0.011889,0.01186,0.011832,0.011806,0.011781,0.011757,0.011735,0.011714,0.011694,0.011675,0.011658,0.011641,0.011625,0.01161,0.011596,0.011582,0.011569,0.011557,0.011546,0.011535,0.011525,0.011515,0.011506,0.011497,0.011489,0.011481,0.011474,0.011467,0.01146,0.011454,0.011448,0.011442,0.011437,0.011432,0.011427,0.011423,0.011418,0.011414,0.01141,0.011407,0.011403,0.0114,0.011397,0.011394,0.011391,0.011388,0.011386,0.011383,0.011381,0.011379,0.011377,0.011375,0.011373,0.011371,0.011369,0.011368,0.011366,0.011365,0.011363,0.011362,0.011361,0.011359,0.011358,0.011357,0.011356,0.011355,0.011354,0.011353,0.011352,0.011351,0.011351,0.01135,0.011349,0.011348,0.011348,0.011347,0.011346,0.011346,0.011345,0.011344,0.011344,0.011343,0.011343,0.011342,0.011342,0.011341,0.011341,0.01134,0.01134,0.01134,0.011339,0.011339,0.011338,0.011338,0.011338,0.011337,0.011337,0.011336
0,0.0010597,0.013869,0.034661,0.052946,0.065765,0.073713,0.078061,0.079912,0.080076,0.079121,0.077434,0.075282,0.072848,0.070258,0.067597,0.064926,0.062285,0.059701,0.057193,0.054772,0.052444,0.050214,0.048081,0.046046,0.044106,0.042259,0.040502,0.038832,0.037245,0.035738,0.034307,0.032948,0.031658,0.030435,0.029273,0.028172,0.027127,0.026135,0.025195,0.024303,0.023457,0.022655,0.021894,0.021173,0.020489,0.019841,0.019226,0.018643,0.018091,0.017568,0.017072,0.016602,0.016156,0.015734,0.015334,0.014955,0.014596,0.014256,0.013934,0.013629,0.01334,0.013066,0.012807,0.012561,0.012329,0.012109,0.011901,0.011704,0.011517,0.01134,0.011173,0.011014,0.010865,0.010723,0.010588,0.010461,0.010341,0.010227,0.01012,0.010018,0.0099213,0.0098301,0.0097438,0.0096622,0.0095849,0.0095118,0.0094427,0.0093773,0.0093154,0.0092569,0.0092015,0.0091492,0.0090996,0.0090528,0.0090084,0.0089665,0.0089268,0.0088893,0.0088539,0.0088203,0.0087886,0.0087585,0.0087301,0.0087033,0.0086779,0.0086539,0.0086311,0.0086096,0.0085893,0.0085701,0.0085519,0.0085347,0.0085184,0.008503,0.0084885,0.0084747,0.0084616,0.0084493,0.0084377,0.0084266,0.0084162,0.0084063,0.008397,0.0083881,0.0083797,0.0083718,0.0083643,0.0083572,0.0083505,0.0083442,0.0083381,0.0083325,0.0083271,0.008322,0.0083171,0.0083125,0.0083082,0.0083041,0.0083002,0.0082965,0.008293,0.0082897,0.0082866,0.0082836,0.0082808,0.0082781,0.0082756,0.0082731,0.0082709,0.0082687,0.0082666,0.0082647,0.0082628,0.0082611,0.0082594,0.0082578,0.0082563,0.0082548,0.0082535,0.0082522,0.0082509,0.0082497,0.0082486,0.0082475,0.0082465,0.0082455,0.0082446,0.0082437,0.0082429,0.0082421,0.0082413,0.0082405,0.0082398,0.0082391,0.0082385,0.0082379,0.0082373,0.0082367,0.0082361,0.0082356,0.0082351,0.0082346,0.0082341,0.0082337,0.0082332,0.0082328,0.0082324,0.008232,0.0082316,0.0082312,0.0082309,0.0082305,0.0082302,0.0082298,0.0082295,0.0082292,0.0082289,0.0082286,0.0082283,0.008228
0,0.0062569,0.03645,0.064886,0.08213,0.090655,0.093762,0.093688,0.091789,0.088868,0.085407,0.081697,0.077913,0.074162,0.070509,0.066991,0.063628,0.060428,0.057395,0.054526,0.051816,0.049259,0.046848,0.044574,0.042431,0.040412,0.038507,0.036712,0.035018,0.03342,0.031913,0.03049,0.029147,0.027879,0.026681,0.025549,0.02448,0.023469,0.022514,0.021612,0.020758,0.019951,0.019188,0.018467,0.017784,0.017139,0.016528,0.01595,0.015404,0.014887,0.014398,0.013936,0.013498,0.013084,0.012693,0.012322,0.011972,0.01164,0.011327,0.01103,0.010749,0.010484,0.010233,0.0099951,0.0097703,0.0095577,0.0093566,0.0091664,0.0089865,0.0088163,0.0086553,0.0085031,0.0083591,0.0082229,0.0080941,0.0079722,0.007857,0.0077481,0.007645,0.0075476,0.0074554,0.0073683,0.0072859,0.0072079,0.0071343,0.0070646,0.0069987,0.0069364,0.0068774,0.0068217,0.006769,0.0067192,0.0066721,0.0066276,0.0065855,0.0065457,0.006508,0.0064724,0.0064388,0.0064069,0.0063768,0.0063484,0.0063215,0.006296,0.006272,0.0062492,0.0062277,0.0062074,0.0061882,0.00617,0.0061528,0.0061365,0.0061211,0.0061066,0.0060928,0.0060798,0.0060675,0.0060559,0.0060449,0.0060345,0.0060247,0.0060154,0.0060066,0.0059982,0.0059904,0.0059829,0.0059759,0.0059692,0.0059629,0.0059569,0.0059513,0.0059459,0.0059409,0.0059361,0.0059315,0.0059273,0.0059232,0.0059194,0.0059157,0.0059123,0.005909,0.0059059,0.005903,0.0059002,0.0058976,0.0058951,0.0058927,0.0058905,0.0058884,0.0058864,0.0058845,0.0058827,0.005881,0.0058793,0.0058778,0.0058763,0.0058749,0.0058736,0.0058724,0.0058712,0.00587,0.005869,0.0058679,0.005867,0.005866,0.0058651,0.0058643,0.0058635,0.0058627,0.005862,0.0058613,0.0058606,0.00586,0.0058594,0.0058588,0.0058583,0.0058578,0.0058572,0.0058568,0.0058563,0.0058559,0.0058554,0.005855,0.0058546,0.0058542,0.0058539,0.0058535,0.0058532,0.0058529,0.0058526,0.0058523,0.005852,0.0058517,0.0058514,0.0058511,0.0058509,0.0058506,0.0058504,0.0058502,0.0058499,0.0058497
0,0.029776,0.082758,0.10836,0.11615,0.11572,0.11171,0.10624,0.10029,0.094326,0.088567,0.083111,0.077995,0.073226,0.068793,0.064677,0.060859,0.057314,0.054023,0.050963,0.048117,0.045467,0.042996,0.04069,0.038535,0.036521,0.034636,0.032869,0.031214,0.02966,0.028202,0.026832,0.025544,0.024333,0.023194,0.022121,0.021111,0.02016,0.019263,0.018418,0.017621,0.016869,0.01616,0.015491,0.01486,0.014264,0.013702,0.013171,0.01267,0.012196,0.011749,0.011327,0.010929,0.010552,0.010196,0.0098601,0.0095426,0.0092426,0.0089592,0.0086913,0.0084383,0.0081992,0.0079733,0.0077598,0.007558,0.0073674,0.0071872,0.0070169,0.006856,0.0067039,0.0065602,0.0064244,0.006296,0.0061747,0.0060601,0.0059517,0.0058493,0.0057525,0.0056611,0.0055746,0.0054929,0.0054156,0.0053427,0.0052737,0.0052085,0.0051468,0.0050886,0.0050335,0.0049815,0.0049323,0.0048858,0.0048419,0.0048004,0.0047611,0.004724,0.0046889,0.0046558,0.0046244,0.0045948,0.0045668,0.0045404,0.0045154,0.0044917,0.0044694,0.0044482,0.0044283,0.0044094,0.0043916,0.0043747,0.0043587,0.0043437,0.0043294,0.0043159,0.0043032,0.0042912,0.0042798,0.004269,0.0042588,0.0042492,0.0042401,0.0042315,0.0042234,0.0042157,0.0042084,0.0042015,0.004195,0.0041889,0.004183,0.0041775,0.0041723,0.0041674,0.0041628,0.0041583,0.0041542,0.0041502,0.0041465,0.004143,0.0041396,0.0041365,0.0041335,0.0041306,0.004128,0.0041254,0.004123,0.0041207,0.0041186,0.0041165,0.0041146,0.0041128,0.004111,0.0041094,0.0041078,0.0041063,0.0041049,0.0041036,0.0041024,0.0041012,0.0041,0.0040989,0.0040979,0.004097,0.004096,0.0040952,0.0040943,0.0040935,0.0040928,0.0040921,0.0040914,0.0040907,0.0040901,0.0040895,0.004089,0.0040885,0.0040879,0.0040875,0.004087,0.0040866,0.0040861,0.0040857,0.0040853,0.004085,0.0040846,0.0040843,0.004084,0.0040837,0.0040834,0.0040831,0.0040828,0.0040825,0.0040823,0.004082,0.0040818,0.0040816,0.0040814,0.0040811,0.0040809,0.0040807,0.0040806,0.0040804,0.0040802,0.00408
0,0.10784,0.15626,0.15742,0.14717,0.13505,0.12346,0.11296,0.10359,0.095269,0.087857,0.081235,0.075295,0.069947,0.065111,0.060723,0.056728,0.053078,0.049733,0.046661,0.043832,0.04122,0.038804,0.036564,0.034485,0.032552,0.030752,0.029073,0.027506,0.026042,0.024672,0.02339,0.022188,0.021062,0.020005,0.019012,0.01808,0.017205,0.016381,0.015607,0.014878,0.014193,0.013547,0.012939,0.012367,0.011828,0.011319,0.01084,0.010389,0.0099634,0.0095621,0.0091836,0.0088267,0.00849,0.0081724,0.0078727,0.00759,0.0073232,0.0070714,0.0068338,0.0066096,0.0063979,0.0061981,0.0060094,0.0058314,0.0056632,0.0055045,0.0053546,0.0052131,0.0050795,0.0049533,0.0048342,0.0047216,0.0046154,0.004515,0.0044202,0.0043307,0.0042461,0.0041662,0.0040908,0.0040195,0.0039522,0.0038886,0.0038286,0.0037718,0.0037182,0.0036676,0.0036197,0.0035745,0.0035318,0.0034915,0.0034534,0.0034173,0.0033833,0.0033512,0.0033208,0.0032921,0.003265,0.0032393,0.0032151,0.0031922,0.0031706,0.0031502,0.0031309,0.0031126,0.0030954,0.0030791,0.0030637,0.0030491,0.0030354,0.0030224,0.0030101,0.0029985,0.0029875,0.0029771,0.0029673,0.002958,0.0029493,0.002941,0.0029332,0.0029258,0.0029188,0.0029122,0.0029059,0.0029,0.0028944,0.0028891,0.0028841,0.0028794,0.0028749,0.0028707,0.0028667,0.0028629,0.0028594,0.002856,0.0028528,0.0028498,0.0028469,0.0028442,0.0028416,0.0028392,0.0028369,0.0028347,0.0028327,0.0028307,0.0028289,0.0028272,0.0028255,0.002824,0.0028225,0.0028211,0.0028197,0.0028185,0.0028173,0.0028162,0.0028151,0.0028141,0.0028131,0.0028122,0.0028114,0.0028105,0.0028098,0.002809,0.0028083,0.0028077,0.002807,0.0028064,0.0028059,0.0028053,0.0028048,0.0028043,0.0028038,0.0028034,0.002803,0.0028026,0.0028022,0.0028018,0.0028015,0.0028011,0.0028008,0.0028005,0.0028002,0.0028,0.0027997,0.0027994,0.0027992,0.002799,0.0027988,0.0027985,0.0027983,0.0027981,0.002798,0.0027978,0.0027976,0.0027974,0.0027973,0.0027971,0.002797,0.0027968,0.0027967,0.0027965
0,0.26957,0.23124,0.19187,0.16314,0.14167,0.12494,0.11146,0.10032,0.09093,0.082889,0.075918,0.06981,0.064411,0.059605,0.055298,0.051417,0.047903,0.044708,0.041792,0.039121,0.036667,0.034408,0.032321,0.030391,0.028602,0.02694,0.025395,0.023956,0.022615,0.021363,0.020194,0.0191,0.018077,0.017119,0.016221,0.015379,0.01459,0.013849,0.013153,0.0125,0.011886,0.011309,0.010766,0.010256,0.0097762,0.0093246,0.0088997,0.0084997,0.0081231,0.0077685,0.0074346,0.00712,0.0068237,0.0065445,0.0062814,0.0060334,0.0057997,0.0055794,0.0053717,0.0051758,0.0049912,0.004817,0.0046528,0.0044979,0.0043518,0.004214,0.004084,0.0039613,0.0038456,0.0037364,0.0036333,0.0035361,0.0034443,0.0033577,0.0032759,0.0031988,0.0031259,0.0030572,0.0029923,0.002931,0.0028732,0.0028186,0.002767,0.0027183,0.0026723,0.0026289,0.002588,0.0025492,0.0025127,0.0024782,0.0024456,0.0024148,0.0023857,0.0023582,0.0023323,0.0023078,0.0022846,0.0022628,0.0022421,0.0022226,0.0022042,0.0021868,0.0021703,0.0021548,0.0021401,0.0021263,0.0021132,0.0021008,0.0020891,0.002078,0.0020676,0.0020577,0.0020484,0.0020396,0.0020312,0.0020234,0.0020159,0.0020089,0.0020023,0.001996,0.0019901,0.0019845,0.0019792,0.0019741,0.0019694,0.0019649,0.0019607,0.0019567,0.0019529,0.0019493,0.001946,0.0019428,0.0019397,0.0019369,0.0019342,0.0019316,0.0019292,0.0019269,0.0019248,0.0019227,0.0019208,0.001919,0.0019172,0.0019156,0.001914,0.0019126,0.0019112,0.0019099,0.0019086,0.0019075,0.0019063,0.0019053,0.0019043,0.0019033,0.0019024,0.0019016,0.0019008,0.0019,0.0018993,0.0018986,0.001898,0.0018974,0.0018968,0.0018962,0.0018957,0.0018952,0.0018947,0.0018943,0.0018938,0.0018934,0.0018931,0.0018927,0.0018923,0.001892,0.0018917,0.0018914,0.0018911,0.0018908,0.0018906,0.0018903,0.0018901,0.0018899,0.0018897,0.0018895,0.0018893,0.0018891,0.0018889,0.0018887,0.0018886,0.0018884,0.0018883,0.0018881,0.001888,0.0018879,0.0018877,0.0018876,0.0018875,0.0018874,0.0018873,0.0018872
1,0.38103,0.24327,0.18629,0.15312,0.1305,0.11373,0.10063,0.090031,0.08123,0.073779,0.067373,0.061797,0.056893,0.052544,0.048659,0.045167,0.042011,0.039145,0.036532,0.03414,0.031945,0.029925,0.02806,0.026336,0.024739,0.023256,0.021879,0.020597,0.019403,0.018289,0.01725,0.016278,0.01537,0.014521,0.013726,0.012981,0.012284,0.01163,0.011016,0.010441,0.0099011,0.0093942,0.0089182,0.008471,0.0080509,0.0076561,0.007285,0.0069361,0.006608,0.0062994,0.0060091,0.005736,0.0054789,0.005237,0.0050093,0.0047949,0.004593,0.0044029,0.0042239,0.0040552,0.0038964,0.0037467,0.0036056,0.0034727,0.0033475,0.0032294,0.0031181,0.0030132,0.0029143,0.002821,0.0027331,0.0026501,0.0025719,0.0024982,0.0024286,0.002363,0.0023011,0.0022427,0.0021876,0.0021356,0.0020865,0.0020402,0.0019965,0.0019553,0.0019164,0.0018797,0.001845,0.0018123,0.0017814,0.0017523,0.0017248,0.0016988,0.0016743,0.0016511,0.0016292,0.0016086,0.0015891,0.0015707,0.0015533,0.0015369,0.0015214,0.0015067,0.0014929,0.0014798,0.0014675,0.0014559,0.0014449,0.0014345,0.0014246,0.0014154,0.0014066,0.0013983,0.0013905,0.0013831,0.0013761,0.0013695,0.0013633,0.0013574,0.0013519,0.0013466,0.0013416,0.0013369,0.0013325,0.0013283,0.0013244,0.0013206,0.0013171,0.0013137,0.0013106,0.0013076,0.0013048,0.0013021,0.0012996,0.0012972,0.0012949,0.0012928,0.0012908,0.0012889,0.0012871,0.0012854,0.0012838,0.0012822,0.0012808,0.0012794,0.0012781,0.0012769,0.0012758,0.0012747,0.0012736,0.0012727,0.0012717,0.0012709,0.00127,0.0012692,0.0012685,0.0012678,0.0012671,0.0012665,0.0012659,0.0012653,0.0012648,0.0012643,0.0012638,0.0012634,0.0012629,0.0012625,0.0012621,0.0012618,0.0012614,0.0012611,0.0012608,0.0012605,0.0012602,0.0012599,0.0012597,0.0012594,0.0012592,0.001259,0.0012587,0.0012585,0.0012584,0.0012582,0.001258,0.0012578,0.0012577,0.0012575,0.0012574,0.0012573,0.0012571,0.001257,0.0012569,0.0012568,0.0012567,0.0012566,0.0012565,0.0012564,0.0012563,0.0012562,0.0012561,0.001256
0,0.16664,0.15612,0.13433,0.11632,0.10214,0.090774,0.081444,0.07363,0.066974,0.061227,0.056206,0.051777,0.047839,0.044311,0.041133,0.038253,0.035632,0.033237,0.031042,0.029023,0.027161,0.025441,0.023849,0.022372,0.021001,0.019725,0.018538,0.017432,0.0164,0.015437,0.014538,0.013697,0.012912,0.012176,0.011488,0.010844,0.010241,0.0096753,0.0091454,0.0086486,0.0081827,0.0077457,0.0073356,0.0069507,0.0065894,0.0062501,0.0059315,0.0056323,0.0053511,0.0050869,0.0048386,0.0046052,0.0043858,0.0041794,0.0039854,0.0038029,0.0036311,0.0034696,0.0033176,0.0031745,0.0030398,0.002913,0.0027937,0.0026813,0.0025755,0.0024758,0.0023819,0.0022934,0.0022101,0.0021316,0.0020576,0.0019879,0.0019222,0.0018603,0.0018019,0.0017469,0.001695,0.0016461,0.0015999,0.0015564,0.0015154,0.0014767,0.0014402,0.0014058,0.0013733,0.0013427,0.0013138,0.0012865,0.0012608,0.0012365,0.0012136,0.001192,0.0011716,0.0011523,0.0011342,0.001117,0.0011008,0.0010855,0.0010711,0.0010575,0.0010446,0.0010324,0.001021,0.0010102,0.00099993,0.00099027,0.00098116,0.00097255,0.00096442,0.00095674,0.00094949,0.00094264,0.00093617,0.00093006,0.00092429,0.00091884,0.00091369,0.00090882,0.00090423,0.00089988,0.00089578,0.00089191,0.00088825,0.00088479,0.00088152,0.00087843,0.00087551,0.00087275,0.00087015,0.00086768,0.00086536,0.00086316,0.00086108,0.00085911,0.00085725,0.0008555,0.00085384,0.00085227,0.00085079,0.00084939,0.00084806,0.00084681,0.00084562,0.0008445,0.00084344,0.00084244,0.00084149,0.0008406,0.00083975,0.00083895,0.00083819,0.00083747,0.00083679,0.00083615,0.00083554,0.00083496,0.00083442,0.0008339,0.00083342,0.00083295,0.00083252,0.0008321,0.00083171,0.00083134,0.00083099,0.00083065,0.00083034,0.00083004,0.00082975,0.00082948,0.00082923,0.00082898,0.00082876,0.00082854,0.00082833,0.00082813,0.00082795,0.00082777,0.0008276,0.00082744,0.00082729,0.00082714,0.00082701,0.00082688,0.00082675,0.00082663,0.00082652,0.00082641,0.00082631,0.00082621,0.00082612,0.00082603,0.00082594,0.00082586,0.00082578,0.00082571,0.00082564,0.00082557,0.0008255,0.00082544
0,0.033867,0.058968,0.067039,0.067399,0.064788,0.061152,0.057274,0.05347,0.049864,0.046498,0.043376,0.040489,0.03782,0.035351,0.033064,0.030943,0.028974,0.027143,0.025439,0.023852,0.022372,0.020992,0.019703,0.0185,0.017375,0.016324,0.015342,0.014423,0.013563,0.012759,0.012006,0.011301,0.010642,0.010024,0.0094453,0.0089032,0.0083953,0.0079193,0.0074732,0.007055,0.0066629,0.0062952,0.0059503,0.0056267,0.0053232,0.0050384,0.004771,0.0045201,0.0042845,0.0040632,0.0038555,0.0036603,0.003477,0.0033047,0.0031428,0.0029906,0.0028476,0.0027132,0.0025867,0.0024678,0.002356,0.0022508,0.0021518,0.0020587,0.0019711,0.0018886,0.0018109,0.0017379,0.0016691,0.0016043,0.0015433,0.0014858,0.0014317,0.0013807,0.0013327,0.0012874,0.0012448,0.0012046,0.0011667,0.001131,0.0010974,0.0010656,0.0010357,0.0010075,0.00098096,0.0009559,0.00093225,0.00090996,0.00088893,0.00086909,0.00085038,0.00083273,0.00081608,0.00080036,0.00078554,0.00077155,0.00075835,0.00074589,0.00073414,0.00072304,0.00071257,0.00070269,0.00069336,0.00068455,0.00067623,0.00066839,0.00066098,0.00065398,0.00064737,0.00064114,0.00063525,0.00062969,0.00062444,0.00061948,0.00061479,0.00061037,0.00060619,0.00060225,0.00059852,0.000595,0.00059168,0.00058854,0.00058557,0.00058277,0.00058012,0.00057762,0.00057526,0.00057302,0.00057091,0.00056892,0.00056704,0.00056526,0.00056358,0.00056199,0.00056049,0.00055907,0.00055773,0.00055646,0.00055526,0.00055413,0.00055306,0.00055205,0.00055109,0.00055018,0.00054933,0.00054852,0.00054776,0.00054703,0.00054635,0.0005457,0.00054509,0.00054451,0.00054397,0.00054345,0.00054296,0.0005425,0.00054206,0.00054165,0.00054125,0.00054088,0.00054053,0.0005402,0.00053989,0.00053959,0.0005393,0.00053904,0.00053878,0.00053854,0.00053832,0.0005381,0.0005379,0.00053771,0.00053752,0.00053735,0.00053718,0.00053703,0.00053688,0.00053674,0.00053661,0.00053648,0.00053636,0.00053624,0.00053614,0.00053603,0.00053593,0.00053584,0.00053575,0.00053567,0.00053559,0.00053551,0.00053544,0.00053537,0.0005353,0.00053524,0.00053518,0.00053512,0.00053507,0.00053501,0.00053496,0.00053491
0,0.0035929,0.012857,0.021511,0.027475,0.030967,0.032676,0.033201,0.032967,0.032254,0.031243,0.030054,0.028763,0.027423,0.02607,0.024727,0.02341,0.022132,0.020899,0.019716,0.018587,0.017511,0.01649,0.015523,0.014609,0.013745,0.012931,0.012165,0.011444,0.010765,0.010128,0.0095295,0.0089675,0.00844,0.007945,0.0074807,0.0070451,0.0066366,0.0062535,0.0058942,0.0055572,0.0052413,0.0049449,0.004667,0.0044063,0.0041618,0.0039324,0.0037172,0.0035153,0.0033258,0.0031479,0.002981,0.0028242,0.0026771,0.0025389,0.0024092,0.0022873,0.0021728,0.0020652,0.0019641,0.0018691,0.0017798,0.0016958,0.0016169,0.0015427,0.0014729,0.0014072,0.0013454,0.0012873,0.0012326,0.0011812,0.0011328,0.0010872,0.0010443,0.0010039,0.00096581,0.00092998,0.00089624,0.00086446,0.00083452,0.00080631,0.00077974,0.0007547,0.0007311,0.00070886,0.0006879,0.00066814,0.00064951,0.00063195,0.0006154,0.00059978,0.00058506,0.00057118,0.00055809,0.00054574,0.00053409,0.0005231,0.00051273,0.00050296,0.00049373,0.00048502,0.00047681,0.00046906,0.00046174,0.00045484,0.00044832,0.00044217,0.00043637,0.00043089,0.00042572,0.00042084,0.00041623,0.00041187,0.00040777,0.00040389,0.00040022,0.00039677,0.0003935,0.00039042,0.0003875,0.00038475,0.00038216,0.0003797,0.00037739,0.0003752,0.00037313,0.00037118,0.00036933,0.00036759,0.00036595,0.00036439,0.00036292,0.00036153,0.00036022,0.00035898,0.00035781,0.00035671,0.00035566,0.00035467,0.00035374,0.00035286,0.00035202,0.00035124,0.00035049,0.00034979,0.00034912,0.00034849,0.0003479,0.00034734,0.0003468,0.0003463,0.00034583,0.00034538,0.00034495,0.00034455,0.00034417,0.00034381,0.00034347,0.00034315,0.00034285,0.00034256,0.00034229,0.00034203,0.00034179,0.00034155,0.00034134,0.00034113,0.00034093,0.00034075,0.00034057,0.00034041,0.00034025,0.0003401,0.00033996,0.00033983,0.0003397,0.00033958,0.00033946,0.00033936,0.00033925,0.00033916,0.00033906,0.00033898,0.00033889,0.00033882,0.00033874,0.00033867,0.0003386,0.00033854,0.00033848,0.00033842,0.00033836,0.00033831,0.00033826,0.00033821,0.00033817,0.00033812,0.00033808,0.00033804,0.00033801,0.00033797
0,0.00019385,0.0014982,0.0039461,0.0068821,0.0097335,0.01218,0.0141,0.015488,0.0164,0.016907,0.017089,0.017016,0.016748,0.016336,0.015822,0.015237,0.014607,0.013951,0.013286,0.012621,0.011967,0.011327,0.010708,0.010112,0.0095412,0.0089962,0.0084777,0.0079857,0.0075199,0.0070796,0.006664,0.0062724,0.0059035,0.0055564,0.0052301,0.0049234,0.0046354,0.0043649,0.004111,0.0038728,0.0036492,0.0034394,0.0032427,0.0030581,0.0028849,0.0027225,0.0025701,0.0024272,0.0022931,0.0021673,0.0020492,0.0019384,0.0018344,0.0017368,0.0016452,0.0015592,0.0014784,0.0014026,0.0013314,0.0012644,0.0012016,0.0011425,0.001087,0.0010348,0.00098576,0.00093965,0.0008963,0.00085554,0.0008172,0.00078113,0.0007472,0.00071528,0.00068525,0.00065698,0.00063038,0.00060533,0.00058176,0.00055956,0.00053866,0.00051897,0.00050043,0.00048297,0.00046652,0.00045102,0.00043642,0.00042266,0.0004097,0.00039747,0.00038596,0.0003751,0.00036486,0.00035521,0.00034611,0.00033753,0.00032944,0.00032181,0.00031462,0.00030783,0.00030143,0.00029539,0.00028969,0.00028432,0.00027925,0.00027446,0.00026995,0.00026569,0.00026167,0.00025787,0.00025429,0.00025091,0.00024772,0.00024471,0.00024186,0.00023918,0.00023665,0.00023426,0.000232,0.00022986,0.00022785,0.00022595,0.00022415,0.00022246,0.00022086,0.00021935,0.00021792,0.00021657,0.0002153,0.00021409,0.00021296,0.00021188,0.00021087,0.00020991,0.00020901,0.00020815,0.00020734,0.00020658,0.00020586,0.00020518,0.00020454,0.00020393,0.00020335,0.00020281,0.0002023,0.00020181,0.00020135,0.00020092,0.00020051,0.00020012,0.00019976,0.00019941,0.00019908,0.00019877,0.00019848,0.00019821,0.00019794,0.0001977,0.00019746,0.00019724,0.00019703,0.00019684,0.00019665,0.00019647,0.0001963,0.00019615,0.000196,0.00019585,0.00019572,0.00019559,0.00019547,0.00019536,0.00019525,0.00019515,0.00019505,0.00019496,0.00019487,0.00019479,0.00019471,0.00019464,0.00019457,0.00019451,0.00019444,0.00019438,0.00019433,0.00019427,0.00019422,0.00019417,0.00019413,0.00019408,0.00019404,0.000194,0.00019397,0.00019393,0.0001939,0.00019387,0.00019383,0.00019381,0.00019378,0.00019375,0.00019373,0.0001937
0,4.4486e-06,7.691e-05,0.00033823,0.00086946,0.0016882,0.0027682,0.0040625,0.0055186,0.0070868,0.0087237,0.010394,0.012068,0.013726,0.015349,0.016927,0.018451,0.019914,0.021315,0.022651,0.023921,0.025127,0.026269,0.027349,0.02837,0.029333,0.030242,0.031099,0.031906,0.032666,0.033382,0.034055,0.034689,0.035286,0.035848,0.036377,0.036875,0.037343,0.037784,0.0382,0.038591,0.03896,0.039307,0.039635,0.039944,0.040235,0.04051,0.040769,0.041014,0.041246,0.041465,0.041671,0.041867,0.042052,0.042227,0.042393,0.04255,0.042699,0.04284,0.042974,0.043101,0.043222,0.043337,0.043446,0.04355,0.043649,0.043744,0.043834,0.04392,0.044002,0.04408,0.044155,0.044227,0.044295,0.044361,0.044424,0.044485,0.044543,0.044599,0.044653,0.044705,0.044755,0.044803,0.044849,0.044894,0.044938,0.04498,0.045021,0.04506,0.045099,0.045136,0.045172,0.045208,0.045242,0.045276,0.045308,0.04534,0.045371,0.045402,0.045432,0.045461,0.04549,0.045518,0.045546,0.045573,0.045599,0.045626,0.045652,0.045677,0.045702,0.045727,0.045751,0.045776,0.045799,0.045823,0.045846,0.045869,0.045892,0.045915,0.045937,0.04596,0.045982,0.046004,0.046025,0.046047,0.046068,0.04609,0.046111,0.046132,0.046153,0.046174,0.046195,0.046215,0.046236,0.046256,0.046277,0.046297,0.046317,0.046337,0.046357,0.046377,0.046397,0.046417,0.046437,0.046457,0.046477,0.046496,0.046516,0.046536,0.046555,0.046575,0.046595,0.046614,0.046634,0.046653,0.046672,0.046692,0.046711,0.046731,0.04675,0.046769,0.046789,0.046808,0.046827,0.046846,0.046866,0.046885,0.046904,0.046923,0.046942,0.046962,0.046981,0.047,0.047019,0.047038,0.047057,0.047076,0.047095,0.047115,0.047134,0.047153,0.047172,0.047191,0.04721,0.047229,0.047248,0.047267,0.047286,0.047305,0.047324,0.047343,0.047362,0.047381,0.0474,0.047419,0.047438,0.047457,0.047476,0.047495,0.047514,0.047533
